Index,Cases
0,711.0
1,9003.0
2,726.0
3,733.0
4,751.0
5,733.0
6,716.0
7,759.0
8,733.0
9,735.0
10,737.0
11,742.0
12,733.0
13,733.0
14,693.0
15,733.0
16,729.0
17,752.0
18,9666.0
19,9666.0
20,733.0
21,733.0
22,726.0
23,9617.0
24,716.0
25,739.0
26,733.0
27,743.0
28,731.0
29,718.0
30,9668.0
31,729.0
32,733.0
33,725.0
34,9716.0
35,733.0
36,721.0
37,730.0
38,748.0
39,733.0
40,723.0
41,727.0
42,735.0
43,734.0
44,9666.0
45,738.0
46,726.0
47,733.0
48,9677.0
49,730.0
50,731.0
51,730.0
52,733.0
53,733.0
54,9652.0
55,733.0
56,730.0
57,735.0
58,736.0
59,733.0
60,733.0
61,718.0
62,728.0
63,735.0
64,739.0
65,742.0
66,9666.0
67,748.0
68,706.0
69,675.0
70,733.0
71,711.0
72,730.0
73,9694.0
74,733.0
75,9696.0
76,731.0
77,731.0
78,730.0
79,729.0
80,733.0
81,9670.0
82,716.0
83,746.0
84,733.0
85,733.0
86,724.0
87,208.0
88,9683.0
89,711.0
90,733.0
91,732.0
92,737.0
93,711.0
94,754.0
95,704.0
96,740.0
97,754.0
98,729.0
99,749.0
100,704.0
101,720.0
102,731.0
103,733.0
104,733.0
105,722.0
106,9656.0
107,729.0
108,709.0
109,752.0
110,718.0
111,731.0
112,736.0
113,733.0
114,719.0
115,726.0
116,9700.0
117,729.0
118,733.0
119,9660.0
120,733.0
121,712.0
122,9678.0
123,713.0
124,730.0
125,208.0
126,759.0
127,9649.0
128,730.0
129,714.0
130,749.0
131,731.0
132,733.0
133,749.0
134,733.0
135,729.0
136,727.0
137,740.0
138,729.0
139,733.0
140,733.0
141,9682.0
142,711.0
143,740.0
144,735.0
145,735.0
146,732.0
147,717.0
148,735.0
149,750.0
150,729.0
151,9666.0
152,733.0
153,733.0
154,722.0
155,718.0
156,733.0
157,9666.0
158,733.0
159,729.0
160,714.0
161,723.0
162,764.0
163,730.0
164,733.0
165,733.0
166,726.0
167,729.0
168,9595.0
169,733.0
170,726.0
171,729.0
172,733.0
173,733.0
174,740.0
175,747.0
176,730.0
177,729.0
178,715.0
179,730.0
180,800.0
181,709.0
182,734.0
183,722.0
184,746.0
185,729.0
186,734.0
187,719.0
188,767.0
189,730.0
190,713.0
191,733.0
192,9595.0
193,704.0
194,736.0
195,730.0
196,731.0
197,9651.0
198,733.0
199,732.0
200,749.0
201,733.0
202,730.0
203,729.0
204,761.0
205,770.0
206,9672.0
207,736.0
208,733.0
209,734.0
210,733.0
211,767.0
212,730.0
213,719.0
214,733.0
215,729.0
216,9674.0
217,733.0
218,754.0
219,778.0
220,729.0
221,733.0
222,733.0
223,9701.0
224,736.0
225,720.0
226,747.0
227,731.0
228,733.0
229,738.0
230,9680.0
231,733.0
232,733.0
233,733.0
234,736.0
235,721.0
236,733.0
237,9739.0
238,721.0
239,721.0
240,717.0
241,723.0
242,738.0
243,729.0
244,733.0
245,734.0
246,733.0
247,750.0
248,751.0
249,726.0
250,731.0
251,751.0
252,9684.0
253,752.0
254,710.0
255,733.0
256,732.0
257,733.0
258,724.0
259,733.0
260,711.0
261,733.0
262,9692.0
263,701.0
264,733.0
265,733.0
266,743.0
267,729.0
268,9679.0
269,9692.0
270,733.0
271,784.0
272,694.0
273,729.0
274,9666.0
275,733.0
276,733.0
277,733.0
278,733.0
279,733.0
280,9623.0
281,738.0
282,9671.0
283,733.0
284,9658.0
285,771.0
286,729.0
287,729.0
288,723.0
289,733.0
290,729.0
291,9598.0
292,718.0
293,740.0
294,733.0
295,720.0
296,720.0
297,750.0
298,731.0
299,705.0
300,730.0
301,9621.0
302,9666.0
303,722.0
304,736.0
305,748.0
306,705.0
307,683.0
308,9448.0
309,720.0
310,725.0
311,733.0
312,726.0
313,733.0
314,718.0
315,733.0
316,798.0
317,9739.0
318,760.0
319,730.0
320,9658.0
321,733.0
322,736.0
323,732.0
324,740.0
325,713.0
326,740.0
327,714.0
328,740.0
329,752.0
330,733.0
331,736.0
332,708.0
333,712.0
334,687.0
335,707.0
336,733.0
337,733.0
338,9686.0
339,731.0
340,721.0
341,728.0
342,748.0
343,703.0
344,704.0
345,733.0
346,733.0
347,722.0
348,733.0
349,734.0
350,729.0
351,734.0
352,733.0
353,711.0
354,9672.0
355,735.0
356,9693.0
357,710.0
358,725.0
359,9692.0
360,703.0
361,748.0
362,709.0
363,733.0
364,724.0
365,736.0
366,731.0
367,749.0
368,725.0
369,712.0
370,728.0
371,821.0
372,744.0
373,733.0
374,763.0
375,733.0
376,733.0
377,733.0
378,733.0
379,753.0
380,9677.0
381,718.0
382,728.0
383,729.0
384,709.0
385,718.0
386,728.0
387,729.0
388,726.0
389,733.0
390,700.0
391,707.0
392,733.0
393,9712.0
394,707.0
395,733.0
396,728.0
397,733.0
398,729.0
399,733.0
400,729.0
401,723.0
402,9687.0
403,733.0
404,721.0
405,769.0
406,745.0
407,726.0
408,727.0
409,733.0
410,719.0
411,733.0
412,733.0
413,9002.0
414,9624.0
415,9687.0
416,728.0
417,730.0
418,708.0
419,733.0
420,731.0
421,741.0
422,9705.0
423,733.0
424,733.0
425,734.0
426,734.0
427,740.0
428,728.0
429,721.0
430,722.0
431,734.0
432,713.0
433,737.0
434,733.0
435,731.0
436,731.0
437,727.0
438,731.0
439,735.0
440,9626.0
441,724.0
442,713.0
443,712.0
444,9694.0
445,731.0
446,718.0
447,733.0
448,738.0
449,717.0
450,732.0
451,724.0
452,1218.0
453,9694.0
454,733.0
455,728.0
456,730.0
457,776.0
458,741.0
459,734.0
460,736.0
461,727.0
462,708.0
463,761.0
464,733.0
465,9696.0
466,733.0
467,733.0
468,734.0
469,733.0
470,733.0
471,735.0
472,767.0
473,9679.0
474,752.0
475,9665.0
476,9727.0
477,704.0
478,731.0
479,726.0
480,735.0
481,733.0
482,733.0
483,781.0
484,727.0
485,9732.0
486,712.0
487,710.0
488,717.0
489,731.0
490,734.0
491,723.0
492,738.0
493,9613.0
494,731.0
495,703.0
496,739.0
497,723.0
498,757.0
499,721.0
500,733.0
501,729.0
502,748.0
503,9753.0
504,725.0
505,733.0
506,723.0
507,733.0
508,737.0
509,721.0
510,739.0
511,717.0
512,713.0
513,720.0
514,727.0
515,736.0
516,9700.0
517,733.0
518,9676.0
519,736.0
520,727.0
521,731.0
522,733.0
523,729.0
524,9694.0
525,733.0
526,701.0
527,733.0
528,754.0
529,724.0
530,725.0
531,9666.0
532,723.0
533,733.0
534,753.0
535,731.0
536,736.0
537,733.0
538,756.0
539,751.0
540,9675.0
541,733.0
542,736.0
543,733.0
544,724.0
545,711.0
546,733.0
547,725.0
548,725.0
549,744.0
550,733.0
551,746.0
552,733.0
553,9637.0
554,736.0
555,733.0
556,733.0
557,730.0
558,9708.0
559,733.0
560,9688.0
561,722.0
562,726.0
563,714.0
564,733.0
565,728.0
566,733.0
567,733.0
568,733.0
569,720.0
570,721.0
571,698.0
572,714.0
573,733.0
574,738.0
575,701.0
576,9732.0
577,733.0
578,729.0
579,733.0
580,710.0
581,724.0
582,9617.0
583,741.0
584,732.0
585,733.0
586,733.0
587,713.0
588,749.0
589,733.0
590,736.0
591,733.0
592,724.0
593,707.0
594,724.0
595,9685.0
596,718.0
597,733.0
598,729.0
599,727.0
600,730.0
601,9684.0
602,755.0
603,745.0
604,733.0
605,732.0
606,731.0
607,733.0
608,733.0
609,733.0
610,719.0
611,754.0
612,752.0
613,736.0
614,767.0
615,733.0
616,708.0
617,752.0
618,724.0
619,710.0
620,724.0
621,732.0
622,717.0
623,9666.0
624,733.0
625,733.0
626,728.0
627,736.0
628,9692.0
629,723.0
630,733.0
631,711.0
632,723.0
633,733.0
634,733.0
635,733.0
636,9699.0
637,729.0
638,733.0
639,9666.0
640,739.0
641,753.0
642,721.0
643,726.0
644,733.0
645,733.0
646,733.0
647,9712.0
648,733.0
649,9687.0
650,9688.0
651,735.0
652,733.0
653,733.0
654,733.0
655,673.0
656,745.0
657,9661.0
658,727.0
659,727.0
660,733.0
661,730.0
662,744.0
663,9686.0
664,737.0
665,721.0
666,9663.0
667,720.0
668,722.0
669,737.0
670,711.0
671,726.0
672,739.0
673,9650.0
674,708.0
675,733.0
676,733.0
677,732.0
678,736.0
679,723.0
680,733.0
681,736.0
682,733.0
683,729.0
684,750.0
685,742.0
686,729.0
687,748.0
688,741.0
689,733.0
690,733.0
691,723.0
692,9666.0
693,741.0
694,733.0
695,684.0
696,730.0
697,9733.0
698,728.0
699,733.0
700,726.0
701,733.0
702,722.0
703,734.0
704,761.0
705,729.0
706,729.0
707,733.0
708,732.0
709,741.0
710,735.0
711,733.0
712,737.0
713,9668.0
714,731.0
715,742.0
716,9688.0
717,729.0
718,730.0
719,719.0
720,748.0
721,731.0
722,731.0
723,715.0
724,733.0
725,733.0
726,723.0
727,735.0
728,749.0
729,741.0
730,731.0
731,9717.0
732,9708.0
733,9698.0
734,764.0
735,733.0
736,9648.0
737,726.0
738,733.0
739,733.0
740,718.0
741,729.0
742,9690.0
743,733.0
744,737.0
745,708.0
746,727.0
747,9705.0
748,733.0
749,740.0
750,711.0
751,762.0
752,705.0
753,712.0
754,744.0
755,733.0
756,721.0
757,726.0
758,732.0
759,9673.0
760,739.0
761,733.0
762,726.0
763,733.0
764,9679.0
765,724.0
766,9695.0
767,729.0
768,723.0
769,721.0
770,739.0
771,733.0
772,724.0
773,733.0
774,712.0
775,9625.0
776,733.0
777,734.0
778,711.0
779,725.0
780,733.0
781,9666.0
782,714.0
783,722.0
784,728.0
785,741.0
786,733.0
787,729.0
788,733.0
789,734.0
790,733.0
791,733.0
792,730.0
793,9694.0
794,733.0
795,733.0
796,684.0
797,733.0
798,733.0
799,731.0
800,733.0
801,733.0
802,739.0
803,9678.0
804,733.0
805,733.0
806,9595.0
807,726.0
808,738.0
809,725.0
810,729.0
811,726.0
812,733.0
813,698.0
814,733.0
815,733.0
816,659.0
817,9692.0
818,725.0
819,9679.0
820,719.0
821,729.0
822,730.0
823,733.0
824,9667.0
825,710.0
826,729.0
827,733.0
828,723.0
829,703.0
830,736.0
831,9692.0
832,696.0
833,733.0
834,729.0
835,759.0
836,729.0
837,733.0
838,733.0
839,733.0
840,707.0
841,726.0
842,735.0
843,733.0
844,724.0
845,733.0
846,744.0
847,766.0
848,733.0
849,733.0
850,733.0
851,733.0
852,722.0
853,711.0
854,725.0
855,743.0
856,730.0
857,752.0
858,9669.0
859,721.0
860,781.0
861,733.0
862,733.0
863,749.0
864,9611.0
865,733.0
866,734.0
867,758.0
868,745.0
869,716.0
870,733.0
871,9775.0
872,733.0
873,731.0
874,733.0
875,733.0
876,733.0
877,725.0
878,722.0
879,727.0
880,731.0
881,726.0
882,722.0
883,735.0
884,767.0
885,733.0
886,662.0
887,726.0
888,723.0
889,736.0
890,734.0
891,732.0
892,745.0
893,731.0
894,732.0
895,733.0
896,9666.0
897,726.0
898,761.0
899,733.0
900,739.0
901,722.0
902,713.0
903,705.0
904,736.0
905,724.0
906,733.0
907,750.0
908,728.0
909,724.0
910,710.0
911,727.0
912,733.0
913,733.0
914,737.0
915,736.0
916,732.0
917,9692.0
918,729.0
919,733.0
920,729.0
921,735.0
922,725.0
923,208.0
924,729.0
925,748.0
926,733.0
927,733.0
928,733.0
929,730.0
930,9692.0
931,728.0
932,728.0
933,9682.0
934,727.0
935,723.0
936,733.0
937,9718.0
938,724.0
939,781.0
940,730.0
941,738.0
942,733.0
943,735.0
944,733.0
945,734.0
946,729.0
947,735.0
948,912.0
949,727.0
950,733.0
951,724.0
952,748.0
953,733.0
954,9707.0
955,706.0
956,733.0
957,9709.0
958,739.0
959,733.0
960,749.0
961,729.0
962,724.0
963,772.0
964,734.0
965,9665.0
966,9694.0
967,733.0
968,711.0
969,733.0
970,721.0
971,717.0
972,744.0
973,9694.0
974,720.0
975,728.0
976,721.0
977,729.0
978,724.0
979,714.0
980,737.0
981,676.0
982,733.0
983,733.0
984,718.0
985,733.0
986,718.0
987,726.0
988,727.0
989,733.0
990,730.0
991,9694.0
992,733.0
993,730.0
994,720.0
995,727.0
996,742.0
997,733.0
998,726.0
999,739.0
1000,738.0
1001,725.0
1002,740.0
1003,664.0
1004,742.0
1005,733.0
1006,735.0
1007,729.0
1008,720.0
1009,731.0
1010,729.0
1011,731.0
1012,727.0
1013,750.0
1014,720.0
1015,733.0
1016,733.0
1017,701.0
1018,703.0
1019,722.0
1020,9692.0
1021,729.0
1022,733.0
1023,772.0
1024,9716.0
1025,732.0
1026,733.0
1027,733.0
1028,733.0
1029,9727.0
1030,9692.0
1031,9670.0
1032,733.0
1033,720.0
1034,735.0
1035,735.0
1036,730.0
1037,739.0
1038,733.0
1039,9661.0
1040,751.0
1041,730.0
1042,731.0
1043,732.0
1044,729.0
1045,767.0
1046,9764.0
1047,722.0
1048,713.0
1049,723.0
1050,733.0
1051,733.0
1052,9645.0
1053,735.0
1054,744.0
1055,760.0
1056,9670.0
1057,9692.0
1058,9643.0
1059,9448.0
1060,733.0
1061,735.0
1062,711.0
1063,733.0
1064,725.0
1065,733.0
1066,9630.0
1067,733.0
1068,724.0
1069,753.0
1070,745.0
1071,698.0
1072,9694.0
1073,727.0
1074,733.0
1075,9647.0
1076,731.0
1077,728.0
1078,730.0
1079,719.0
1080,729.0
1081,746.0
1082,725.0
1083,733.0
1084,718.0
1085,733.0
1086,733.0
1087,731.0
1088,733.0
1089,733.0
1090,719.0
1091,729.0
1092,739.0
1093,729.0
1094,733.0
1095,751.0
1096,723.0
1097,733.0
1098,720.0
1099,711.0
1100,722.0
1101,9733.0
1102,735.0
1103,9775.0
1104,730.0
1105,753.0
1106,722.0
1107,726.0
1108,724.0
1109,769.0
1110,733.0
1111,731.0
1112,733.0
1113,709.0
1114,732.0
1115,733.0
1116,720.0
1117,734.0
1118,9727.0
1119,733.0
1120,737.0
1121,736.0
1122,740.0
1123,720.0
1124,733.0
1125,737.0
1126,733.0
1127,733.0
1128,733.0
1129,743.0
1130,743.0
1131,708.0
1132,733.0
1133,713.0
1134,733.0
1135,733.0
1136,730.0
1137,733.0
1138,732.0
1139,735.0
1140,749.0
1141,741.0
1142,753.0
1143,9666.0
1144,721.0
1145,725.0
1146,729.0
1147,9733.0
1148,721.0
1149,725.0
1150,733.0
1151,728.0
1152,736.0
1153,766.0
1154,733.0
1155,727.0
1156,742.0
1157,733.0
1158,726.0
1159,711.0
1160,9657.0
1161,719.0
1162,733.0
1163,725.0
1164,733.0
1165,733.0
1166,750.0
1167,724.0
1168,727.0
1169,715.0
1170,743.0
1171,745.0
1172,735.0
1173,9666.0
1174,730.0
1175,734.0
1176,733.0
1177,9674.0
1178,721.0
1179,9675.0
1180,767.0
1181,733.0
1182,747.0
1183,9667.0
1184,9706.0
1185,733.0
1186,727.0
1187,724.0
1188,687.0
1189,733.0
1190,733.0
1191,729.0
1192,733.0
1193,733.0
1194,721.0
1195,735.0
1196,739.0
1197,733.0
1198,727.0
1199,727.0
1200,733.0
1201,720.0
1202,725.0
1203,733.0
1204,724.0
1205,731.0
1206,733.0
1207,743.0
1208,727.0
1209,732.0
1210,684.0
1211,733.0
1212,720.0
1213,729.0
1214,762.0
1215,732.0
1216,769.0
1217,728.0
1218,706.0
1219,731.0
1220,719.0
1221,725.0
1222,653.0
1223,740.0
1224,9687.0
1225,729.0
1226,9666.0
1227,730.0
1228,679.0
1229,720.0
1230,728.0
1231,733.0
1232,733.0
1233,733.0
1234,742.0
1235,733.0
1236,724.0
1237,720.0
1238,737.0
1239,716.0
1240,753.0
1241,733.0
1242,724.0
1243,9642.0
1244,733.0
1245,733.0
1246,733.0
1247,9683.0
1248,720.0
1249,731.0
1250,733.0
1251,721.0
1252,731.0
1253,724.0
1254,706.0
1255,9732.0
1256,779.0
1257,722.0
1258,733.0
1259,729.0
1260,704.0
1261,729.0
1262,9692.0
1263,725.0
1264,751.0
1265,739.0
1266,9684.0
1267,732.0
1268,683.0
1269,732.0
1270,736.0
1271,9657.0
1272,721.0
1273,735.0
1274,9685.0
1275,733.0
1276,739.0
1277,9694.0
1278,733.0
1279,740.0
1280,9615.0
1281,724.0
1282,731.0
1283,733.0
1284,730.0
1285,730.0
1286,733.0
1287,721.0
1288,720.0
1289,723.0
1290,711.0
1291,729.0
1292,740.0
1293,733.0
1294,724.0
1295,729.0
1296,9679.0
1297,708.0
1298,722.0
1299,733.0
1300,9712.0
1301,723.0
1302,733.0
1303,733.0
1304,753.0
1305,712.0
1306,726.0
1307,726.0
1308,733.0
1309,725.0
1310,699.0
1311,727.0
1312,9666.0
1313,741.0
1314,729.0
1315,731.0
1316,767.0
1317,722.0
1318,733.0
1319,727.0
1320,733.0
1321,729.0
1322,736.0
1323,730.0
1324,9703.0
1325,708.0
1326,697.0
1327,733.0
1328,733.0
1329,733.0
1330,737.0
1331,724.0
1332,738.0
1333,742.0
1334,731.0
1335,729.0
1336,747.0
1337,732.0
1338,770.0
1339,9693.0
1340,736.0
1341,738.0
1342,733.0
1343,717.0
1344,711.0
1345,9665.0
1346,731.0
1347,733.0
1348,714.0
1349,753.0
1350,9775.0
1351,9596.0
1352,735.0
1353,732.0
1354,733.0
1355,735.0
1356,733.0
1357,9658.0
1358,711.0
1359,742.0
1360,732.0
1361,711.0
1362,721.0
1363,751.0
1364,727.0
1365,752.0
1366,733.0
1367,9687.0
1368,733.0
1369,769.0
1370,9702.0
1371,733.0
1372,740.0
1373,719.0
1374,733.0
1375,733.0
1376,711.0
1377,724.0
1378,754.0
1379,726.0
1380,733.0
1381,726.0
1382,733.0
1383,734.0
1384,9679.0
1385,736.0
1386,733.0
1387,761.0
1388,9707.0
1389,9680.0
1390,731.0
1391,733.0
1392,9694.0
1393,718.0
1394,733.0
1395,733.0
1396,727.0
1397,722.0
1398,731.0
1399,746.0
1400,710.0
1401,733.0
1402,748.0
1403,735.0
1404,733.0
1405,733.0
1406,9664.0
1407,721.0
1408,719.0
1409,761.0
1410,747.0
1411,9654.0
1412,752.0
1413,724.0
1414,732.0
1415,731.0
1416,724.0
1417,740.0
1418,746.0
1419,724.0
1420,727.0
1421,208.0
1422,9707.0
1423,723.0
1424,730.0
1425,733.0
1426,747.0
1427,9662.0
1428,733.0
1429,733.0
1430,733.0
1431,9687.0
1432,733.0
1433,731.0
1434,702.0
1435,734.0
1436,751.0
1437,734.0
1438,758.0
1439,9691.0
1440,744.0
1441,750.0
1442,727.0
1443,733.0
1444,733.0
1445,723.0
1446,733.0
1447,746.0
1448,733.0
1449,725.0
1450,725.0
1451,903.0
1452,733.0
1453,729.0
1454,735.0
1455,9634.0
1456,733.0
1457,733.0
1458,729.0
1459,9696.0
1460,732.0
1461,9666.0
1462,712.0
1463,9661.0
1464,723.0
1465,751.0
1466,731.0
1467,729.0
1468,729.0
1469,733.0
1470,750.0
1471,733.0
1472,721.0
1473,732.0
1474,731.0
1475,9674.0
1476,713.0
1477,740.0
1478,9668.0
1479,729.0
1480,733.0
1481,730.0
1482,9667.0
1483,733.0
1484,758.0
1485,736.0
1486,719.0
1487,9687.0
1488,733.0
1489,733.0
1490,731.0
1491,730.0
1492,9666.0
1493,9667.0
1494,747.0
1495,9666.0
1496,733.0
1497,9691.0
1498,739.0
1499,733.0
1500,733.0
1501,721.0
1502,9666.0
1503,9693.0
1504,9692.0
1505,719.0
1506,842.0
1507,726.0
1508,723.0
1509,208.0
1510,750.0
1511,733.0
1512,733.0
1513,733.0
1514,727.0
1515,718.0
1516,9666.0
1517,724.0
1518,730.0
1519,733.0
1520,9567.0
1521,733.0
1522,718.0
1523,733.0
1524,733.0
1525,721.0
1526,733.0
1527,732.0
1528,728.0
1529,733.0
1530,725.0
1531,733.0
1532,733.0
1533,733.0
1534,723.0
1535,733.0
1536,716.0
1537,729.0
1538,733.0
1539,718.0
1540,726.0
1541,747.0
1542,732.0
1543,735.0
1544,745.0
1545,724.0
1546,734.0
1547,720.0
1548,728.0
1549,720.0
1550,9695.0
1551,739.0
1552,717.0
1553,714.0
1554,735.0
1555,728.0
1556,720.0
1557,732.0
1558,730.0
1559,710.0
1560,733.0
1561,728.0
1562,733.0
1563,742.0
1564,729.0
1565,735.0
1566,711.0
1567,734.0
1568,720.0
1569,733.0
1570,9697.0
1571,722.0
1572,726.0
1573,729.0
1574,721.0
1575,733.0
1576,733.0
1577,745.0
1578,733.0
1579,9692.0
1580,733.0
1581,733.0
1582,750.0
1583,719.0
1584,740.0
1585,9686.0
1586,731.0
1587,720.0
1588,729.0
1589,762.0
1590,730.0
1591,752.0
1592,733.0
1593,720.0
1594,769.0
1595,711.0
1596,729.0
1597,736.0
1598,733.0
1599,9733.0
1600,733.0
1601,732.0
1602,717.0
1603,718.0
1604,9745.0
1605,9696.0
1606,726.0
1607,733.0
1608,727.0
1609,733.0
1610,9092.0
1611,746.0
1612,733.0
1613,733.0
1614,715.0
1615,733.0
1616,727.0
1617,733.0
1618,717.0
1619,704.0
1620,733.0
1621,731.0
1622,733.0
1623,733.0
1624,736.0
1625,733.0
1626,733.0
1627,729.0
1628,729.0
1629,749.0
1630,706.0
1631,730.0
1632,9687.0
1633,704.0
1634,738.0
1635,733.0
1636,9699.0
1637,722.0
1638,735.0
1639,733.0
1640,749.0
1641,733.0
1642,702.0
1643,733.0
1644,733.0
1645,733.0
1646,729.0
1647,733.0
1648,733.0
1649,9667.0
1650,729.0
1651,728.0
1652,731.0
1653,721.0
1654,729.0
1655,762.0
1656,743.0
1657,733.0
1658,723.0
1659,735.0
1660,738.0
1661,9706.0
1662,730.0
1663,726.0
1664,733.0
1665,733.0
1666,722.0
1667,727.0
1668,9692.0
1669,730.0
1670,720.0
1671,728.0
1672,9622.0
1673,730.0
1674,733.0
1675,735.0
1676,730.0
1677,733.0
1678,735.0
1679,742.0
1680,9688.0
1681,9707.0
1682,729.0
1683,9738.0
1684,728.0
1685,742.0
1686,755.0
1687,733.0
1688,742.0
1689,733.0
1690,730.0
1691,724.0
1692,730.0
1693,733.0
1694,727.0
1695,725.0
1696,716.0
1697,733.0
1698,722.0
1699,722.0
1700,734.0
1701,761.0
1702,733.0
1703,734.0
1704,730.0
1705,748.0
1706,725.0
1707,720.0
1708,727.0
1709,9592.0
1710,9691.0
1711,9668.0
1712,727.0
1713,724.0
1714,725.0
1715,722.0
1716,705.0
1717,720.0
1718,728.0
1719,741.0
1720,730.0
1721,733.0
1722,734.0
1723,717.0
1724,721.0
1725,733.0
1726,740.0
1727,9737.0
1728,733.0
1729,729.0
1730,765.0
1731,733.0
1732,735.0
1733,731.0
1734,9587.0
1735,733.0
1736,734.0
1737,720.0
1738,729.0
1739,730.0
1740,9695.0
1741,725.0
1742,734.0
1743,733.0
1744,750.0
1745,9727.0
1746,733.0
1747,9647.0
1748,733.0
1749,725.0
1750,9675.0
1751,9644.0
1752,730.0
1753,9706.0
1754,734.0
1755,734.0
1756,709.0
1757,9667.0
1758,745.0
1759,731.0
1760,729.0
1761,732.0
1762,709.0
1763,726.0
1764,733.0
1765,709.0
1766,748.0
1767,9727.0
1768,733.0
1769,731.0
1770,729.0
1771,9606.0
1772,729.0
1773,729.0
1774,9694.0
1775,733.0
1776,736.0
1777,733.0
1778,733.0
1779,749.0
1780,752.0
1781,748.0
1782,725.0
1783,9780.0
1784,725.0
1785,9677.0
1786,726.0
1787,734.0
1788,730.0
1789,734.0
1790,717.0
1791,734.0
1792,733.0
1793,725.0
1794,728.0
1795,9735.0
1796,735.0
1797,720.0
1798,724.0
1799,729.0
1800,708.0
1801,733.0
1802,733.0
1803,735.0
1804,728.0
1805,9666.0
1806,727.0
1807,733.0
1808,718.0
1809,750.0
1810,733.0
1811,9694.0
1812,731.0
1813,9646.0
1814,745.0
1815,829.0
1816,723.0
1817,710.0
1818,733.0
1819,748.0
1820,720.0
1821,721.0
1822,730.0
1823,733.0
1824,725.0
1825,733.0
1826,713.0
1827,734.0
1828,719.0
1829,734.0
1830,703.0
1831,715.0
1832,732.0
1833,737.0
1834,733.0
1835,733.0
1836,739.0
1837,721.0
1838,750.0
1839,733.0
1840,733.0
1841,735.0
1842,729.0
1843,9678.0
1844,733.0
1845,763.0
1846,728.0
1847,733.0
1848,733.0
1849,724.0
1850,733.0
1851,741.0
1852,735.0
1853,733.0
1854,714.0
1855,9707.0
1856,731.0
1857,734.0
1858,738.0
1859,705.0
1860,734.0
1861,9660.0
1862,733.0
1863,9694.0
1864,9736.0
1865,761.0
1866,721.0
1867,727.0
1868,733.0
1869,730.0
1870,739.0
1871,729.0
1872,732.0
1873,9598.0
1874,732.0
1875,741.0
1876,733.0
1877,740.0
1878,739.0
1879,733.0
1880,733.0
1881,659.0
1882,8981.0
1883,731.0
1884,729.0
1885,774.0
1886,731.0
1887,9642.0
1888,726.0
1889,9686.0
1890,723.0
1891,733.0
1892,726.0
1893,768.0
1894,725.0
1895,733.0
1896,716.0
1897,770.0
1898,729.0
1899,749.0
1900,737.0
1901,712.0
1902,733.0
1903,724.0
1904,733.0
1905,723.0
1906,740.0
1907,724.0
1908,733.0
1909,733.0
1910,765.0
1911,721.0
1912,733.0
1913,733.0
1914,731.0
1915,733.0
1916,736.0
1917,733.0
1918,9704.0
1919,734.0
1920,724.0
1921,749.0
1922,735.0
1923,724.0
1924,727.0
1925,728.0
1926,729.0
1927,727.0
1928,733.0
1929,742.0
1930,733.0
1931,723.0
1932,727.0
1933,744.0
1934,733.0
1935,724.0
1936,729.0
1937,703.0
1938,733.0
1939,729.0
1940,750.0
1941,733.0
1942,735.0
1943,751.0
1944,733.0
1945,9675.0
1946,725.0
1947,723.0
1948,724.0
1949,740.0
1950,723.0
1951,770.0
1952,733.0
1953,701.0
1954,710.0
1955,749.0
1956,738.0
1957,736.0
1958,730.0
1959,9651.0
1960,725.0
1961,733.0
1962,706.0
1963,741.0
1964,9670.0
1965,9661.0
1966,746.0
1967,715.0
1968,713.0
1969,742.0
1970,9634.0
1971,713.0
1972,9606.0
1973,722.0
1974,733.0
1975,726.0
1976,733.0
1977,736.0
1978,733.0
1979,9694.0
1980,733.0
1981,750.0
1982,721.0
1983,733.0
1984,728.0
1985,733.0
1986,730.0
1987,763.0
1988,748.0
1989,733.0
1990,732.0
1991,707.0
1992,722.0
1993,734.0
1994,9664.0
1995,713.0
1996,739.0
1997,735.0
1998,725.0
1999,733.0
2000,730.0
2001,729.0
2002,733.0
2003,728.0
2004,749.0
2005,710.0
2006,763.0
2007,707.0
2008,9737.0
2009,684.0
2010,743.0
2011,9666.0
2012,733.0
2013,750.0
2014,9699.0
2015,729.0
2016,733.0
2017,736.0
2018,735.0
2019,732.0
2020,9696.0
2021,727.0
2022,732.0
2023,735.0
2024,729.0
2025,729.0
2026,720.0
2027,733.0
2028,9698.0
2029,733.0
2030,733.0
2031,733.0
2032,733.0
2033,733.0
2034,728.0
2035,735.0
2036,736.0
2037,733.0
2038,750.0
2039,733.0
2040,770.0
2041,734.0
2042,742.0
2043,727.0
2044,9666.0
2045,729.0
2046,740.0
2047,735.0
2048,742.0
2049,722.0
2050,733.0
2051,707.0
2052,731.0
2053,9716.0
2054,739.0
2055,733.0
2056,724.0
2057,9699.0
2058,726.0
2059,743.0
2060,733.0
2061,733.0
2062,735.0
2063,9696.0
2064,734.0
2065,767.0
2066,727.0
2067,718.0
2068,735.0
2069,9710.0
2070,733.0
2071,9635.0
2072,752.0
2073,740.0
2074,677.0
2075,732.0
2076,755.0
2077,9666.0
2078,705.0
2079,731.0
2080,720.0
2081,9706.0
2082,733.0
2083,736.0
2084,739.0
2085,723.0
2086,713.0
2087,733.0
2088,749.0
2089,737.0
2090,735.0
2091,722.0
2092,724.0
2093,9692.0
2094,733.0
2095,733.0
2096,733.0
2097,723.0
2098,9710.0
2099,728.0
2100,733.0
2101,733.0
2102,724.0
2103,731.0
2104,733.0
2105,741.0
2106,728.0
2107,728.0
2108,733.0
2109,733.0
2110,731.0
2111,731.0
2112,745.0
2113,733.0
2114,759.0
2115,733.0
2116,753.0
2117,731.0
2118,9693.0
2119,686.0
2120,733.0
2121,707.0
2122,724.0
2123,732.0
2124,728.0
2125,722.0
2126,732.0
2127,730.0
2128,733.0
2129,753.0
2130,733.0
2131,733.0
2132,748.0
2133,733.0
2134,9674.0
2135,9665.0
2136,9689.0
2137,733.0
2138,733.0
2139,9659.0
2140,708.0
2141,733.0
2142,733.0
2143,732.0
2144,733.0
2145,703.0
2146,733.0
2147,723.0
2148,732.0
2149,729.0
2150,733.0
2151,721.0
2152,9692.0
2153,733.0
2154,725.0
2155,720.0
2156,721.0
2157,707.0
2158,713.0
2159,9677.0
2160,733.0
2161,733.0
2162,733.0
2163,735.0
2164,729.0
2165,727.0
2166,733.0
2167,733.0
2168,718.0
2169,726.0
2170,741.0
2171,730.0
2172,727.0
2173,735.0
2174,731.0
2175,9655.0
2176,9666.0
2177,721.0
2178,728.0
2179,725.0
2180,725.0
2181,764.0
2182,733.0
2183,726.0
2184,728.0
2185,730.0
2186,729.0
2187,712.0
2188,739.0
2189,703.0
2190,9682.0
2191,741.0
2192,9682.0
2193,733.0
2194,706.0
2195,737.0
2196,733.0
2197,733.0
2198,734.0
2199,724.0
2200,734.0
2201,767.0
2202,739.0
2203,711.0
2204,723.0
2205,9685.0
2206,733.0
2207,730.0
2208,733.0
2209,755.0
2210,9718.0
2211,733.0
2212,9686.0
2213,729.0
2214,731.0
2215,732.0
2216,751.0
2217,726.0
2218,712.0
2219,731.0
2220,9666.0
2221,747.0
2222,683.0
2223,733.0
2224,729.0
2225,9646.0
2226,733.0
2227,764.0
2228,726.0
2229,9695.0
2230,752.0
2231,731.0
2232,735.0
2233,711.0
2234,746.0
2235,711.0
2236,694.0
2237,733.0
2238,733.0
2239,769.0
2240,733.0
2241,740.0
2242,9733.0
2243,733.0
2244,712.0
2245,9615.0
2246,9742.0
2247,733.0
2248,9692.0
2249,756.0
2250,9681.0
2251,9684.0
2252,9656.0
2253,730.0
2254,723.0
2255,733.0
2256,735.0
2257,771.0
2258,733.0
2259,769.0
2260,724.0
2261,9648.0
2262,705.0
2263,9713.0
2264,729.0
2265,719.0
2266,744.0
2267,707.0
2268,735.0
2269,766.0
2270,733.0
2271,723.0
2272,733.0
2273,727.0
2274,735.0
2275,719.0
2276,727.0
2277,717.0
2278,733.0
2279,733.0
2280,748.0
2281,9647.0
2282,733.0
2283,724.0
2284,736.0
2285,733.0
2286,734.0
2287,733.0
2288,733.0
2289,723.0
2290,729.0
2291,762.0
2292,727.0
2293,743.0
2294,733.0
2295,9692.0
2296,729.0
2297,731.0
2298,733.0
2299,730.0
2300,9702.0
2301,733.0
2302,733.0
2303,733.0
2304,733.0
2305,710.0
2306,726.0
2307,733.0
2308,744.0
2309,733.0
2310,723.0
2311,724.0
2312,746.0
2313,733.0
2314,733.0
2315,9597.0
2316,706.0
2317,730.0
2318,708.0
2319,9673.0
2320,754.0
2321,733.0
2322,733.0
2323,751.0
2324,733.0
2325,729.0
2326,733.0
2327,733.0
2328,729.0
2329,720.0
2330,733.0
2331,733.0
2332,730.0
2333,747.0
2334,732.0
2335,733.0
2336,9692.0
2337,721.0
2338,754.0
2339,770.0
2340,733.0
2341,729.0
2342,741.0
2343,739.0
2344,724.0
2345,733.0
2346,728.0
2347,738.0
2348,733.0
2349,733.0
2350,9707.0
2351,733.0
2352,727.0
2353,733.0
2354,786.0
2355,741.0
2356,733.0
2357,716.0
2358,729.0
2359,733.0
2360,728.0
2361,711.0
2362,722.0
2363,733.0
2364,735.0
2365,707.0
2366,703.0
2367,753.0
2368,711.0
2369,733.0
2370,766.0
2371,9649.0
2372,701.0
2373,733.0
2374,729.0
2375,724.0
2376,732.0
2377,722.0
2378,737.0
2379,771.0
2380,9692.0
2381,714.0
2382,733.0
2383,9631.0
2384,769.0
2385,729.0
2386,735.0
2387,727.0
2388,9611.0
2389,711.0
2390,733.0
2391,725.0
2392,733.0
2393,733.0
2394,729.0
2395,733.0
2396,741.0
2397,733.0
2398,733.0
2399,733.0
2400,744.0
2401,9650.0
2402,733.0
2403,725.0
2404,729.0
2405,733.0
2406,735.0
2407,730.0
2408,769.0
2409,9666.0
2410,707.0
2411,721.0
2412,729.0
2413,9690.0
2414,729.0
2415,9663.0
2416,714.0
2417,741.0
2418,736.0
2419,733.0
2420,736.0
2421,739.0
2422,741.0
2423,725.0
2424,747.0
2425,708.0
2426,736.0
2427,733.0
2428,733.0
2429,733.0
2430,720.0
2431,9662.0
2432,733.0
2433,725.0
2434,734.0
2435,699.0
2436,741.0
2437,725.0
2438,727.0
2439,733.0
2440,730.0
2441,730.0
2442,730.0
2443,729.0
2444,722.0
2445,734.0
2446,733.0
2447,733.0
2448,734.0
2449,729.0
2450,735.0
2451,744.0
2452,9715.0
2453,9659.0
2454,772.0
2455,725.0
2456,733.0
2457,733.0
2458,733.0
2459,726.0
2460,9761.0
2461,733.0
2462,733.0
2463,733.0
2464,730.0
2465,750.0
2466,733.0
2467,9692.0
2468,734.0
2469,707.0
2470,725.0
2471,733.0
2472,733.0
2473,743.0
2474,703.0
2475,729.0
2476,746.0
2477,733.0
2478,733.0
2479,723.0
2480,770.0
2481,9666.0
2482,755.0
2483,733.0
2484,736.0
2485,740.0
2486,720.0
2487,9667.0
2488,726.0
2489,733.0
2490,9694.0
2491,727.0
2492,9674.0
2493,720.0
2494,9669.0
2495,750.0
2496,722.0
2497,740.0
2498,718.0
2499,700.0
2500,729.0
2501,739.0
2502,733.0
2503,727.0
2504,716.0
2505,730.0
2506,9689.0
2507,739.0
2508,733.0
2509,9694.0
2510,732.0
2511,725.0
2512,722.0
2513,733.0
2514,748.0
2515,746.0
2516,713.0
2517,750.0
2518,722.0
2519,724.0
2520,9731.0
2521,722.0
2522,733.0
2523,722.0
2524,736.0
2525,733.0
2526,733.0
2527,9705.0
2528,733.0
2529,9002.0
2530,733.0
2531,9686.0
2532,724.0
2533,725.0
2534,735.0
2535,733.0
2536,749.0
2537,723.0
2538,744.0
2539,733.0
2540,716.0
2541,752.0
2542,727.0
2543,739.0
2544,729.0
2545,9651.0
2546,743.0
2547,733.0
2548,681.0
2549,733.0
2550,9620.0
2551,745.0
2552,9699.0
2553,732.0
2554,731.0
2555,733.0
2556,733.0
2557,733.0
2558,9597.0
2559,733.0
2560,708.0
2561,733.0
2562,733.0
2563,9665.0
2564,733.0
2565,733.0
2566,9698.0
2567,742.0
2568,723.0
2569,730.0
2570,766.0
2571,741.0
2572,718.0
2573,739.0
2574,730.0
2575,768.0
2576,9691.0
2577,732.0
2578,700.0
2579,738.0
2580,733.0
2581,724.0
2582,735.0
2583,728.0
2584,723.0
2585,720.0
2586,716.0
2587,722.0
2588,730.0
2589,733.0
2590,666.0
2591,728.0
2592,729.0
2593,721.0
2594,729.0
2595,771.0
2596,9693.0
2597,715.0
2598,733.0
2599,732.0
2600,733.0
2601,749.0
2602,727.0
2603,696.0
2604,714.0
2605,730.0
2606,735.0
2607,9717.0
2608,711.0
2609,724.0
2610,710.0
2611,729.0
2612,733.0
2613,729.0
2614,733.0
2615,744.0
2616,741.0
2617,729.0
2618,733.0
2619,733.0
2620,733.0
2621,733.0
2622,9663.0
2623,733.0
2624,731.0
2625,752.0
2626,713.0
2627,720.0
2628,731.0
2629,9662.0
2630,9659.0
2631,733.0
2632,738.0
2633,722.0
2634,733.0
2635,637.0
2636,756.0
2637,733.0
2638,734.0
2639,9652.0
2640,733.0
2641,723.0
2642,733.0
2643,9674.0
2644,9652.0
2645,733.0
2646,733.0
2647,740.0
2648,744.0
2649,733.0
2650,733.0
2651,751.0
2652,739.0
2653,721.0
2654,733.0
2655,733.0
2656,733.0
2657,729.0
2658,733.0
2659,735.0
2660,733.0
2661,9636.0
2662,734.0
2663,9647.0
2664,722.0
2665,708.0
2666,742.0
2667,735.0
2668,715.0
2669,733.0
2670,714.0
2671,751.0
2672,9679.0
2673,734.0
2674,712.0
2675,714.0
2676,727.0
2677,731.0
2678,733.0
2679,9591.0
2680,9704.0
2681,733.0
2682,739.0
2683,726.0
2684,769.0
2685,734.0
2686,736.0
2687,739.0
2688,720.0
2689,733.0
2690,723.0
2691,729.0
2692,730.0
2693,743.0
2694,767.0
2695,703.0
2696,731.0
2697,733.0
2698,733.0
2699,733.0
2700,729.0
2701,730.0
2702,9726.0
2703,733.0
2704,721.0
2705,9671.0
2706,8987.0
2707,735.0
2708,735.0
2709,734.0
2710,722.0
2711,724.0
2712,9632.0
2713,733.0
2714,734.0
2715,722.0
2716,733.0
2717,733.0
2718,729.0
2719,733.0
2720,733.0
2721,726.0
2722,9694.0
2723,724.0
2724,738.0
2725,727.0
2726,729.0
2727,733.0
2728,747.0
2729,733.0
2730,731.0
2731,724.0
2732,9705.0
2733,711.0
2734,701.0
2735,733.0
2736,723.0
2737,9673.0
2738,722.0
2739,723.0
2740,733.0
2741,729.0
2742,703.0
2743,733.0
2744,713.0
2745,735.0
2746,707.0
2747,9690.0
2748,733.0
2749,761.0
2750,691.0
2751,725.0
2752,729.0
2753,733.0
2754,733.0
2755,733.0
2756,733.0
2757,9705.0
2758,9692.0
2759,733.0
2760,9680.0
2761,733.0
2762,725.0
2763,743.0
2764,724.0
2765,733.0
2766,733.0
2767,9656.0
2768,732.0
2769,713.0
2770,754.0
2771,9727.0
2772,723.0
2773,9686.0
2774,9685.0
2775,733.0
2776,729.0
2777,701.0
2778,724.0
2779,726.0
2780,770.0
2781,733.0
2782,733.0
2783,749.0
2784,9717.0
2785,731.0
2786,733.0
2787,9676.0
2788,721.0
2789,730.0
2790,711.0
2791,726.0
2792,729.0
2793,724.0
2794,733.0
2795,714.0
2796,731.0
2797,733.0
2798,733.0
2799,727.0
2800,722.0
2801,730.0
2802,732.0
2803,733.0
2804,752.0
2805,733.0
2806,9642.0
2807,9700.0
2808,732.0
2809,715.0
2810,747.0
2811,769.0
2812,719.0
2813,9669.0
2814,740.0
2815,733.0
2816,723.0
2817,714.0
2818,736.0
2819,728.0
2820,733.0
2821,733.0
2822,731.0
2823,725.0
2824,733.0
2825,766.0
2826,737.0
2827,718.0
2828,9676.0
2829,733.0
2830,726.0
2831,733.0
2832,727.0
2833,9664.0
2834,9622.0
2835,733.0
2836,9711.0
2837,733.0
2838,733.0
2839,725.0
2840,730.0
2841,733.0
2842,736.0
2843,733.0
2844,733.0
2845,9658.0
2846,720.0
2847,9699.0
2848,770.0
2849,721.0
2850,743.0
2851,736.0
2852,676.0
2853,733.0
2854,733.0
2855,9710.0
2856,733.0
2857,730.0
2858,741.0
2859,741.0
2860,732.0
2861,733.0
2862,730.0
2863,729.0
2864,9694.0
2865,708.0
2866,720.0
2867,757.0
2868,733.0
2869,727.0
2870,730.0
2871,9711.0
2872,734.0
2873,730.0
2874,9015.0
2875,728.0
2876,733.0
2877,717.0
2878,705.0
2879,744.0
2880,736.0
2881,9671.0
2882,709.0
2883,9694.0
2884,742.0
2885,728.0
2886,733.0
2887,769.0
2888,9668.0
2889,729.0
2890,745.0
2891,733.0
2892,729.0
2893,725.0
2894,732.0
2895,715.0
2896,756.0
2897,730.0
2898,9695.0
2899,733.0
2900,9613.0
2901,733.0
2902,724.0
2903,722.0
2904,733.0
2905,9631.0
2906,732.0
2907,731.0
2908,640.0
2909,730.0
2910,723.0
2911,734.0
2912,736.0
2913,735.0
2914,720.0
2915,733.0
2916,770.0
2917,724.0
2918,733.0
2919,730.0
2920,727.0
2921,730.0
2922,725.0
2923,9692.0
2924,710.0
2925,733.0
2926,735.0
2927,731.0
2928,9722.0
2929,731.0
2930,735.0
2931,723.0
2932,725.0
2933,739.0
2934,9666.0
2935,733.0
2936,731.0
2937,710.0
2938,728.0
2939,728.0
2940,754.0
2941,761.0
2942,729.0
2943,733.0
2944,733.0
2945,733.0
2946,714.0
2947,735.0
2948,730.0
2949,723.0
2950,729.0
2951,733.0
2952,735.0
2953,733.0
2954,733.0
2955,733.0
2956,733.0
2957,732.0
2958,9713.0
2959,733.0
2960,733.0
2961,724.0
2962,733.0
2963,9666.0
2964,733.0
2965,734.0
2966,733.0
2967,9639.0
2968,732.0
2969,733.0
2970,729.0
2971,9697.0
2972,733.0
2973,731.0
2974,725.0
2975,731.0
2976,733.0
2977,735.0
2978,736.0
2979,9694.0
2980,9703.0
2981,733.0
2982,733.0
2983,749.0
2984,733.0
2985,729.0
2986,733.0
2987,733.0
2988,733.0
2989,725.0
2990,722.0
2991,683.0
2992,755.0
2993,733.0
2994,726.0
2995,738.0
2996,734.0
2997,742.0
2998,9672.0
2999,9659.0
3000,730.0
3001,724.0
3002,749.0
3003,728.0
3004,750.0
3005,683.0
3006,9664.0
3007,733.0
3008,729.0
3009,749.0
3010,736.0
3011,733.0
3012,746.0
3013,725.0
3014,733.0
3015,727.0
3016,647.0
3017,733.0
3018,733.0
3019,732.0
3020,707.0
3021,9662.0
3022,725.0
3023,733.0
3024,724.0
3025,733.0
3026,733.0
3027,727.0
3028,711.0
3029,733.0
3030,750.0
3031,734.0
3032,712.0
3033,733.0
3034,768.0
3035,736.0
3036,739.0
3037,9693.0
3038,733.0
3039,9668.0
3040,729.0
3041,733.0
3042,740.0
3043,729.0
3044,707.0
3045,771.0
3046,733.0
3047,733.0
3048,729.0
3049,729.0
3050,9646.0
3051,734.0
3052,9674.0
3053,712.0
3054,733.0
3055,722.0
3056,733.0
3057,709.0
3058,730.0
3059,9663.0
3060,733.0
3061,729.0
3062,736.0
3063,733.0
3064,714.0
3065,741.0
3066,9616.0
3067,705.0
3068,721.0
3069,9689.0
3070,722.0
3071,737.0
3072,724.0
3073,733.0
3074,727.0
3075,750.0
3076,724.0
3077,733.0
3078,728.0
3079,733.0
3080,9687.0
3081,733.0
3082,733.0
3083,9692.0
3084,723.0
3085,730.0
3086,733.0
3087,760.0
3088,730.0
3089,746.0
3090,733.0
3091,751.0
3092,747.0
3093,733.0
3094,760.0
3095,704.0
3096,727.0
3097,733.0
3098,731.0
3099,733.0
3100,741.0
3101,9671.0
3102,733.0
3103,733.0
3104,9705.0
3105,762.0
3106,734.0
3107,9666.0
3108,733.0
3109,733.0
3110,730.0
3111,721.0
3112,733.0
3113,733.0
3114,733.0
3115,755.0
3116,733.0
3117,733.0
3118,9033.0
3119,730.0
3120,733.0
3121,728.0
3122,733.0
3123,727.0
3124,736.0
3125,727.0
3126,9692.0
3127,734.0
3128,706.0
3129,733.0
3130,9653.0
3131,718.0
3132,722.0
3133,733.0
3134,724.0
3135,733.0
3136,739.0
3137,9720.0
3138,750.0
3139,733.0
3140,730.0
3141,736.0
3142,9666.0
3143,709.0
3144,732.0
3145,9692.0
3146,718.0
3147,733.0
3148,733.0
3149,718.0
3150,733.0
3151,733.0
3152,733.0
3153,732.0
3154,747.0
3155,727.0
3156,733.0
3157,725.0
3158,724.0
3159,725.0
3160,733.0
3161,739.0
3162,733.0
3163,729.0
3164,733.0
3165,746.0
3166,736.0
3167,9692.0
3168,736.0
3169,725.0
3170,733.0
3171,9674.0
3172,733.0
3173,750.0
3174,724.0
3175,733.0
3176,8984.0
3177,756.0
3178,681.0
3179,728.0
3180,726.0
3181,9669.0
3182,721.0
3183,734.0
3184,733.0
3185,710.0
3186,728.0
3187,733.0
3188,769.0
3189,732.0
3190,741.0
3191,9650.0
3192,733.0
3193,728.0
3194,739.0
3195,9708.0
3196,733.0
3197,733.0
3198,723.0
3199,720.0
3200,700.0
3201,733.0
3202,724.0
3203,721.0
3204,735.0
3205,733.0
3206,732.0
3207,729.0
3208,9672.0
3209,713.0
3210,722.0
3211,9737.0
3212,737.0
3213,714.0
3214,717.0
3215,208.0
3216,708.0
3217,733.0
3218,733.0
3219,9666.0
3220,733.0
3221,750.0
3222,753.0
3223,733.0
3224,768.0
3225,718.0
3226,728.0
3227,725.0
3228,725.0
3229,731.0
3230,736.0
3231,683.0
3232,726.0
3233,733.0
3234,731.0
3235,718.0
3236,733.0
3237,733.0
3238,733.0
3239,755.0
3240,735.0
3241,730.0
3242,735.0
3243,733.0
3244,726.0
3245,735.0
3246,733.0
3247,733.0
3248,727.0
3249,729.0
3250,733.0
3251,9670.0
3252,733.0
3253,732.0
3254,734.0
3255,9695.0
3256,733.0
3257,733.0
3258,747.0
3259,733.0
3260,738.0
3261,729.0
3262,733.0
3263,733.0
3264,718.0
3265,733.0
3266,733.0
3267,727.0
3268,755.0
3269,722.0
3270,735.0
3271,9709.0
3272,733.0
3273,779.0
3274,726.0
3275,720.0
3276,728.0
3277,730.0
3278,9686.0
3279,729.0
3280,735.0
3281,9666.0
3282,734.0
3283,734.0
3284,710.0
3285,728.0
3286,721.0
3287,730.0
3288,730.0
3289,733.0
3290,733.0
3291,722.0
3292,722.0
3293,733.0
3294,720.0
3295,729.0
3296,722.0
3297,733.0
3298,733.0
3299,733.0
3300,733.0
3301,734.0
3302,731.0
3303,731.0
3304,723.0
3305,9663.0
3306,700.0
3307,733.0
3308,9708.0
3309,770.0
3310,732.0
3311,736.0
3312,733.0
3313,730.0
3314,725.0
3315,733.0
3316,733.0
3317,9686.0
3318,9674.0
3319,736.0
3320,713.0
3321,733.0
3322,733.0
3323,735.0
3324,710.0
3325,714.0
3326,9671.0
3327,733.0
3328,736.0
3329,721.0
3330,734.0
3331,733.0
3332,9655.0
3333,726.0
3334,720.0
3335,711.0
3336,733.0
3337,733.0
3338,714.0
3339,733.0
3340,728.0
3341,709.0
3342,733.0
3343,647.0
3344,733.0
3345,733.0
3346,733.0
3347,733.0
3348,903.0
3349,733.0
3350,733.0
3351,9689.0
3352,684.0
3353,733.0
3354,729.0
3355,733.0
3356,702.0
3357,9673.0
3358,733.0
3359,733.0
3360,9686.0
3361,729.0
3362,736.0
3363,699.0
3364,733.0
3365,733.0
3366,723.0
3367,732.0
3368,711.0
3369,733.0
3370,735.0
3371,733.0
3372,723.0
3373,743.0
3374,741.0
3375,717.0
3376,763.0
3377,729.0
3378,711.0
3379,756.0
3380,684.0
3381,726.0
3382,733.0
3383,733.0
3384,733.0
3385,733.0
3386,733.0
3387,714.0
3388,9633.0
3389,735.0
3390,742.0
3391,9786.0
3392,733.0
3393,9656.0
3394,728.0
3395,724.0
3396,736.0
3397,733.0
3398,733.0
3399,729.0
3400,727.0
3401,719.0
3402,769.0
3403,713.0
3404,710.0
3405,735.0
3406,733.0
3407,733.0
3408,733.0
3409,734.0
3410,733.0
3411,764.0
3412,713.0
3413,733.0
3414,715.0
3415,733.0
3416,733.0
3417,733.0
3418,703.0
3419,733.0
3420,734.0
3421,722.0
3422,9664.0
3423,733.0
3424,733.0
3425,714.0
3426,759.0
3427,733.0
3428,727.0
3429,661.0
3430,730.0
3431,742.0
3432,9665.0
3433,733.0
3434,724.0
3435,723.0
3436,731.0
3437,733.0
3438,733.0
3439,9695.0
3440,9686.0
3441,732.0
3442,748.0
3443,729.0
3444,726.0
3445,9717.0
3446,729.0
3447,710.0
3448,742.0
3449,9687.0
3450,733.0
3451,729.0
3452,798.0
3453,731.0
3454,733.0
3455,733.0
3456,9780.0
3457,724.0
3458,759.0
3459,735.0
3460,733.0
3461,739.0
3462,724.0
3463,663.0
3464,734.0
3465,733.0
3466,9622.0
3467,729.0
3468,723.0
3469,754.0
3470,9666.0
3471,733.0
3472,733.0
3473,733.0
3474,715.0
3475,759.0
3476,723.0
3477,729.0
3478,9891.0
3479,751.0
3480,9697.0
3481,733.0
3482,733.0
3483,733.0
3484,729.0
3485,745.0
3486,732.0
3487,726.0
3488,9644.0
3489,717.0
3490,764.0
3491,770.0
3492,729.0
3493,725.0
3494,770.0
3495,718.0
3496,712.0
3497,746.0
3498,717.0
3499,726.0
3500,9617.0
3501,733.0
3502,9704.0
3503,726.0
3504,724.0
3505,729.0
3506,731.0
3507,733.0
3508,9683.0
3509,755.0
3510,723.0
3511,9666.0
3512,9664.0
3513,731.0
3514,734.0
3515,733.0
3516,733.0
3517,725.0
3518,754.0
3519,208.0
3520,730.0
3521,708.0
3522,726.0
3523,735.0
3524,733.0
3525,9666.0
3526,9713.0
3527,733.0
3528,733.0
3529,724.0
3530,735.0
3531,733.0
3532,729.0
3533,728.0
3534,733.0
3535,742.0
3536,748.0
3537,733.0
3538,730.0
3539,9666.0
3540,927.0
3541,719.0
3542,727.0
3543,710.0
3544,731.0
3545,9694.0
3546,733.0
3547,729.0
3548,711.0
3549,732.0
3550,9655.0
3551,712.0
3552,726.0
3553,9683.0
3554,740.0
3555,733.0
3556,9684.0
3557,750.0
3558,9666.0
3559,9708.0
3560,728.0
3561,767.0
3562,731.0
3563,729.0
3564,713.0
3565,733.0
3566,730.0
3567,733.0
3568,733.0
3569,729.0
3570,732.0
3571,9671.0
3572,754.0
3573,733.0
3574,732.0
3575,753.0
3576,716.0
3577,715.0
3578,718.0
3579,711.0
3580,208.0
3581,9694.0
3582,740.0
3583,734.0
3584,767.0
3585,733.0
3586,683.0
3587,725.0
3588,733.0
3589,722.0
3590,733.0
3591,729.0
3592,9721.0
3593,9692.0
3594,741.0
3595,729.0
3596,9705.0
3597,727.0
3598,733.0
3599,733.0
3600,733.0
3601,736.0
3602,743.0
3603,733.0
3604,745.0
3605,9662.0
3606,733.0
3607,729.0
3608,730.0
3609,727.0
3610,730.0
3611,733.0
3612,9692.0
3613,729.0
3614,724.0
3615,827.0
3616,733.0
3617,748.0
3618,742.0
3619,645.0
3620,734.0
3621,734.0
3622,9676.0
3623,733.0
3624,732.0
3625,712.0
3626,9581.0
3627,743.0
3628,723.0
3629,702.0
3630,723.0
3631,719.0
3632,714.0
3633,726.0
3634,9666.0
3635,725.0
3636,739.0
3637,723.0
3638,711.0
3639,9680.0
3640,721.0
3641,752.0
3642,712.0
3643,730.0
3644,709.0
3645,730.0
3646,9593.0
3647,9692.0
3648,733.0
3649,757.0
3650,733.0
3651,730.0
3652,719.0
3653,727.0
3654,733.0
3655,733.0
3656,733.0
3657,776.0
3658,729.0
3659,721.0
3660,723.0
3661,739.0
3662,720.0
3663,711.0
3664,9692.0
3665,731.0
3666,711.0
3667,719.0
3668,9659.0
3669,745.0
3670,712.0
3671,733.0
3672,9651.0
3673,727.0
3674,820.0
3675,9759.0
3676,739.0
3677,700.0
3678,750.0
3679,711.0
3680,733.0
3681,747.0
3682,733.0
3683,710.0
3684,737.0
3685,704.0
3686,733.0
3687,750.0
3688,735.0
3689,729.0
3690,730.0
3691,737.0
3692,9724.0
3693,739.0
3694,9699.0
3695,722.0
3696,731.0
3697,9669.0
3698,734.0
3699,726.0
3700,733.0
3701,733.0
3702,733.0
3703,733.0
3704,754.0
3705,725.0
3706,733.0
3707,733.0
3708,733.0
3709,728.0
3710,739.0
3711,708.0
3712,733.0
3713,725.0
3714,731.0
3715,731.0
3716,737.0
3717,731.0
3718,733.0
3719,733.0
3720,720.0
3721,744.0
3722,723.0
3723,724.0
3724,9640.0
3725,733.0
3726,763.0
3727,733.0
3728,742.0
3729,733.0
3730,723.0
3731,751.0
3732,733.0
3733,762.0
3734,733.0
3735,742.0
3736,729.0
3737,733.0
3738,725.0
3739,9672.0
3740,733.0
3741,730.0
3742,9671.0
3743,735.0
3744,724.0
3745,786.0
3746,745.0
3747,729.0
3748,724.0
3749,731.0
3750,769.0
3751,735.0
3752,751.0
3753,729.0
3754,9683.0
3755,733.0
3756,729.0
3757,731.0
3758,731.0
3759,9697.0
3760,727.0
3761,711.0
3762,733.0
3763,738.0
3764,710.0
3765,733.0
3766,714.0
3767,726.0
3768,733.0
3769,710.0
3770,720.0
3771,9666.0
3772,729.0
3773,712.0
3774,737.0
3775,733.0
3776,733.0
3777,9706.0
3778,809.0
3779,708.0
3780,711.0
3781,753.0
3782,9680.0
3783,720.0
3784,650.0
3785,9660.0
3786,733.0
3787,725.0
3788,9676.0
3789,723.0
3790,759.0
3791,733.0
3792,9728.0
3793,662.0
3794,728.0
3795,723.0
3796,733.0
3797,748.0
3798,713.0
3799,733.0
3800,736.0
3801,9652.0
3802,731.0
3803,774.0
3804,730.0
3805,733.0
3806,733.0
3807,735.0
3808,729.0
3809,714.0
3810,749.0
3811,752.0
3812,723.0
3813,733.0
3814,726.0
3815,9654.0
3816,747.0
3817,724.0
3818,739.0
3819,733.0
3820,9666.0
3821,733.0
3822,733.0
3823,9691.0
3824,735.0
3825,731.0
3826,733.0
3827,680.0
3828,733.0
3829,731.0
3830,739.0
3831,733.0
3832,733.0
3833,747.0
3834,736.0
3835,763.0
3836,9667.0
3837,733.0
3838,9679.0
3839,733.0
3840,740.0
3841,9685.0
3842,733.0
3843,732.0
3844,729.0
3845,733.0
3846,724.0
3847,727.0
3848,730.0
3849,725.0
3850,733.0
3851,733.0
3852,732.0
3853,733.0
3854,9688.0
3855,739.0
3856,9697.0
3857,733.0
3858,753.0
3859,722.0
3860,733.0
3861,730.0
3862,744.0
3863,9705.0
3864,733.0
3865,733.0
3866,710.0
3867,733.0
3868,712.0
3869,723.0
3870,722.0
3871,711.0
3872,730.0
3873,733.0
3874,733.0
3875,732.0
3876,738.0
3877,733.0
3878,727.0
3879,716.0
3880,741.0
3881,733.0
3882,730.0
3883,734.0
3884,733.0
3885,733.0
3886,9666.0
3887,746.0
3888,733.0
3889,742.0
3890,761.0
3891,733.0
3892,9595.0
3893,729.0
3894,727.0
3895,708.0
3896,735.0
3897,733.0
3898,742.0
3899,723.0
3900,733.0
3901,720.0
3902,724.0
3903,720.0
3904,742.0
3905,720.0
3906,703.0
3907,727.0
3908,733.0
3909,733.0
3910,730.0
3911,733.0
3912,9701.0
3913,722.0
3914,743.0
3915,741.0
3916,734.0
3917,714.0
3918,732.0
3919,733.0
3920,738.0
3921,733.0
3922,755.0
3923,733.0
3924,733.0
3925,9714.0
3926,733.0
3927,733.0
3928,730.0
3929,733.0
3930,9661.0
3931,730.0
3932,733.0
3933,721.0
3934,9719.0
3935,733.0
3936,733.0
3937,733.0
3938,9647.0
3939,760.0
3940,734.0
3941,717.0
3942,723.0
3943,733.0
3944,736.0
3945,727.0
3946,733.0
3947,723.0
3948,748.0
3949,9666.0
3950,743.0
3951,9448.0
3952,705.0
3953,734.0
3954,733.0
3955,742.0
3956,9733.0
3957,732.0
3958,750.0
3959,716.0
3960,723.0
3961,733.0
3962,733.0
3963,725.0
3964,728.0
3965,808.0
3966,733.0
3967,9684.0
3968,733.0
3969,736.0
3970,736.0
3971,9694.0
3972,729.0
3973,723.0
3974,9663.0
3975,733.0
3976,740.0
3977,711.0
3978,769.0
3979,752.0
3980,743.0
3981,680.0
3982,733.0
3983,9674.0
3984,728.0
3985,733.0
3986,9732.0
3987,733.0
3988,744.0
3989,731.0
3990,711.0
3991,718.0
3992,9689.0
3993,733.0
3994,733.0
3995,721.0
3996,730.0
3997,743.0
3998,714.0
3999,707.0
4000,725.0
4001,762.0
4002,9623.0
4003,732.0
4004,732.0
4005,9671.0
4006,733.0
4007,733.0
4008,733.0
4009,726.0
4010,9694.0
4011,735.0
4012,733.0
4013,9666.0
4014,664.0
4015,733.0
4016,711.0
4017,707.0
4018,739.0
4019,9736.0
4020,9028.0
4021,732.0
4022,752.0
4023,9685.0
4024,727.0
4025,733.0
4026,733.0
4027,724.0
4028,727.0
4029,9682.0
4030,738.0
4031,733.0
4032,9692.0
4033,741.0
4034,733.0
4035,704.0
4036,9754.0
4037,733.0
4038,723.0
4039,9666.0
4040,734.0
4041,770.0
4042,729.0
4043,731.0
4044,208.0
4045,733.0
4046,727.0
4047,9681.0
4048,729.0
4049,748.0
4050,731.0
4051,733.0
4052,741.0
4053,9711.0
4054,729.0
4055,733.0
4056,737.0
4057,9693.0
4058,9691.0
4059,733.0
4060,733.0
4061,751.0
4062,733.0
4063,740.0
4064,733.0
4065,727.0
4066,734.0
4067,713.0
4068,738.0
4069,708.0
4070,696.0
4071,733.0
4072,731.0
4073,709.0
4074,733.0
4075,719.0
4076,724.0
4077,711.0
4078,734.0
4079,9639.0
4080,724.0
4081,717.0
4082,718.0
4083,740.0
4084,706.0
4085,733.0
4086,731.0
4087,712.0
4088,723.0
4089,733.0
4090,9652.0
4091,717.0
4092,735.0
4093,9700.0
4094,749.0
4095,733.0
4096,733.0
4097,724.0
4098,9705.0
4099,673.0
4100,715.0
4101,734.0
4102,723.0
4103,717.0
4104,702.0
4105,738.0
4106,733.0
4107,733.0
4108,703.0
4109,723.0
4110,734.0
4111,747.0
4112,733.0
4113,729.0
4114,722.0
4115,720.0
4116,9718.0
4117,730.0
4118,720.0
4119,745.0
4120,734.0
4121,743.0
4122,729.0
4123,730.0
4124,770.0
4125,715.0
4126,723.0
4127,9666.0
4128,733.0
4129,745.0
4130,733.0
4131,733.0
4132,739.0
4133,733.0
4134,747.0
4135,733.0
4136,9696.0
4137,733.0
4138,740.0
4139,730.0
4140,764.0
4141,738.0
4142,733.0
4143,734.0
4144,719.0
4145,729.0
4146,734.0
4147,9692.0
4148,733.0
4149,733.0
4150,733.0
4151,729.0
4152,9680.0
4153,725.0
4154,733.0
4155,9646.0
4156,730.0
4157,742.0
4158,9688.0
4159,769.0
4160,723.0
4161,725.0
4162,721.0
4163,722.0
4164,731.0
4165,9666.0
4166,756.0
4167,9766.0
4168,721.0
4169,740.0
4170,729.0
4171,740.0
4172,749.0
4173,731.0
4174,741.0
4175,731.0
4176,733.0
4177,733.0
4178,760.0
4179,9669.0
4180,705.0
4181,762.0
4182,726.0
4183,726.0
4184,743.0
4185,741.0
4186,9695.0
4187,740.0
4188,734.0
4189,9666.0
4190,733.0
4191,734.0
4192,731.0
4193,733.0
4194,730.0
4195,733.0
4196,725.0
4197,733.0
4198,733.0
4199,733.0
4200,9785.0
4201,733.0
4202,733.0
4203,733.0
4204,733.0
4205,733.0
4206,723.0
4207,729.0
4208,733.0
4209,714.0
4210,732.0
4211,753.0
4212,9692.0
4213,755.0
4214,767.0
4215,733.0
4216,731.0
4217,9741.0
4218,729.0
4219,733.0
4220,9680.0
4221,733.0
4222,734.0
4223,732.0
4224,727.0
4225,9635.0
4226,743.0
4227,731.0
4228,725.0
4229,733.0
4230,729.0
4231,734.0
4232,729.0
4233,715.0
4234,735.0
4235,8996.0
4236,733.0
4237,722.0
4238,733.0
4239,733.0
4240,728.0
4241,729.0
4242,9740.0
4243,747.0
4244,9666.0
4245,9729.0
4246,758.0
4247,730.0
4248,9672.0
4249,726.0
4250,733.0
4251,742.0
4252,733.0
4253,719.0
4254,746.0
4255,709.0
4256,731.0
4257,752.0
4258,726.0
4259,722.0
4260,740.0
4261,733.0
4262,737.0
4263,723.0
4264,9694.0
4265,707.0
4266,711.0
4267,763.0
4268,733.0
4269,710.0
4270,665.0
4271,730.0
4272,726.0
4273,733.0
4274,749.0
4275,9597.0
4276,728.0
4277,723.0
4278,732.0
4279,731.0
4280,733.0
4281,731.0
4282,9732.0
4283,727.0
4284,9694.0
4285,734.0
4286,733.0
4287,725.0
4288,736.0
4289,734.0
4290,736.0
4291,733.0
4292,729.0
4293,733.0
4294,743.0
4295,722.0
4296,727.0
4297,711.0
4298,733.0
4299,9694.0
4300,747.0
4301,9693.0
4302,732.0
4303,733.0
4304,733.0
4305,737.0
4306,724.0
4307,752.0
4308,732.0
4309,733.0
4310,714.0
4311,730.0
4312,731.0
4313,9694.0
4314,710.0
4315,729.0
4316,723.0
4317,708.0
4318,746.0
4319,763.0
4320,9626.0
4321,736.0
4322,731.0
4323,727.0
4324,733.0
4325,733.0
4326,733.0
4327,740.0
4328,717.0
4329,733.0
4330,733.0
4331,735.0
4332,733.0
4333,706.0
4334,725.0
4335,733.0
4336,713.0
4337,733.0
4338,789.0
4339,733.0
4340,720.0
4341,733.0
4342,733.0
4343,732.0
4344,729.0
4345,729.0
4346,733.0
4347,9692.0
4348,9694.0
4349,727.0
4350,751.0
4351,733.0
4352,733.0
4353,9679.0
4354,748.0
4355,709.0
4356,729.0
4357,725.0
4358,9707.0
4359,719.0
4360,734.0
4361,744.0
4362,9639.0
4363,9682.0
4364,726.0
4365,9692.0
4366,733.0
4367,740.0
4368,739.0
4369,710.0
4370,733.0
4371,736.0
4372,729.0
4373,733.0
4374,736.0
4375,726.0
4376,704.0
4377,733.0
4378,737.0
4379,748.0
4380,732.0
4381,729.0
4382,734.0
4383,733.0
4384,742.0
4385,739.0
4386,726.0
4387,779.0
4388,729.0
4389,735.0
4390,727.0
4391,748.0
4392,729.0
4393,9692.0
4394,734.0
4395,715.0
4396,724.0
4397,733.0
4398,731.0
4399,9693.0
4400,733.0
4401,721.0
4402,733.0
4403,713.0
4404,725.0
4405,728.0
4406,696.0
4407,732.0
4408,9648.0
4409,725.0
4410,719.0
4411,730.0
4412,9638.0
4413,731.0
4414,733.0
4415,733.0
4416,733.0
4417,744.0
4418,732.0
4419,732.0
4420,733.0
4421,733.0
4422,733.0
4423,730.0
4424,733.0
4425,730.0
4426,733.0
4427,720.0
4428,728.0
4429,9731.0
4430,721.0
4431,733.0
4432,750.0
4433,720.0
4434,9695.0
4435,733.0
4436,725.0
4437,733.0
4438,9693.0
4439,733.0
4440,717.0
4441,741.0
4442,9710.0
4443,718.0
4444,726.0
4445,730.0
4446,733.0
4447,733.0
4448,749.0
4449,696.0
4450,731.0
4451,725.0
4452,712.0
4453,9660.0
4454,732.0
4455,733.0
4456,727.0
4457,733.0
4458,9707.0
4459,731.0
4460,719.0
4461,9697.0
4462,733.0
4463,723.0
4464,733.0
4465,733.0
4466,730.0
4467,740.0
4468,731.0
4469,729.0
4470,754.0
4471,733.0
4472,740.0
4473,724.0
4474,736.0
4475,9684.0
4476,736.0
4477,657.0
4478,733.0
4479,719.0
4480,9735.0
4481,711.0
4482,208.0
4483,9668.0
4484,729.0
4485,724.0
4486,768.0
4487,733.0
4488,730.0
4489,735.0
4490,730.0
4491,727.0
4492,733.0
4493,737.0
4494,740.0
4495,733.0
4496,724.0
4497,733.0
4498,733.0
4499,733.0
4500,733.0
4501,9766.0
4502,751.0
4503,754.0
4504,733.0
4505,725.0
4506,762.0
4507,767.0
4508,726.0
4509,727.0
4510,729.0
4511,731.0
4512,712.0
4513,732.0
4514,9666.0
4515,9647.0
4516,718.0
4517,730.0
4518,720.0
4519,732.0
4520,733.0
4521,728.0
4522,748.0
4523,733.0
4524,721.0
4525,724.0
4526,711.0
4527,727.0
4528,711.0
4529,733.0
4530,732.0
4531,735.0
4532,733.0
4533,8998.0
4534,665.0
4535,704.0
4536,731.0
4537,726.0
4538,716.0
4539,9688.0
4540,723.0
4541,717.0
4542,725.0
4543,9692.0
4544,730.0
4545,732.0
4546,9666.0
4547,728.0
4548,729.0
4549,737.0
4550,733.0
4551,730.0
4552,742.0
4553,739.0
4554,734.0
4555,9695.0
4556,746.0
4557,754.0
4558,720.0
4559,711.0
4560,9686.0
4561,718.0
4562,733.0
4563,9666.0
4564,733.0
4565,9707.0
4566,733.0
4567,729.0
4568,728.0
4569,742.0
4570,9666.0
4571,724.0
4572,733.0
4573,726.0
4574,733.0
4575,733.0
4576,733.0
4577,9694.0
4578,714.0
4579,721.0
4580,723.0
4581,733.0
4582,729.0
4583,726.0
4584,719.0
4585,730.0
4586,725.0
4587,733.0
4588,745.0
4589,9693.0
4590,727.0
4591,752.0
4592,733.0
4593,752.0
4594,724.0
4595,734.0
4596,9666.0
4597,733.0
4598,712.0
4599,750.0
4600,733.0
4601,9621.0
4602,9692.0
4603,729.0
4604,719.0
4605,735.0
4606,733.0
4607,729.0
4608,730.0
4609,762.0
4610,680.0
4611,9691.0
4612,758.0
4613,725.0
4614,717.0
4615,738.0
4616,727.0
4617,733.0
4618,9668.0
4619,734.0
4620,9681.0
4621,726.0
4622,733.0
4623,721.0
4624,718.0
4625,733.0
4626,711.0
4627,722.0
4628,733.0
4629,756.0
4630,733.0
4631,760.0
4632,733.0
4633,9637.0
4634,748.0
4635,734.0
4636,733.0
4637,727.0
4638,724.0
4639,731.0
4640,733.0
4641,9674.0
4642,731.0
4643,734.0
4644,732.0
4645,717.0
4646,738.0
4647,770.0
4648,730.0
4649,740.0
4650,9676.0
4651,730.0
4652,726.0
4653,729.0
4654,761.0
4655,710.0
4656,726.0
4657,770.0
4658,764.0
4659,9649.0
4660,711.0
4661,671.0
4662,731.0
4663,9662.0
4664,733.0
4665,732.0
4666,655.0
4667,733.0
4668,720.0
4669,733.0
4670,733.0
4671,739.0
4672,730.0
4673,733.0
4674,740.0
4675,729.0
4676,733.0
4677,748.0
4678,733.0
4679,682.0
4680,727.0
4681,9668.0
4682,739.0
4683,736.0
4684,729.0
4685,733.0
4686,736.0
4687,9679.0
4688,9681.0
4689,748.0
4690,748.0
4691,725.0
4692,734.0
4693,707.0
4694,723.0
4695,721.0
4696,733.0
4697,9666.0
4698,752.0
4699,733.0
4700,729.0
4701,726.0
4702,727.0
4703,724.0
4704,729.0
4705,9677.0
4706,747.0
4707,9698.0
4708,729.0
4709,729.0
4710,736.0
4711,733.0
4712,730.0
4713,737.0
4714,739.0
4715,747.0
4716,733.0
4717,707.0
4718,732.0
4719,731.0
4720,739.0
4721,718.0
4722,743.0
4723,717.0
4724,9623.0
4725,725.0
4726,735.0
4727,729.0
4728,732.0
4729,733.0
4730,9663.0
4731,761.0
4732,747.0
4733,746.0
4734,733.0
4735,758.0
4736,740.0
4737,733.0
4738,733.0
4739,733.0
4740,735.0
4741,732.0
4742,731.0
4743,730.0
4744,756.0
4745,713.0
4746,766.0
4747,9448.0
4748,708.0
4749,733.0
4750,718.0
4751,726.0
4752,721.0
4753,733.0
4754,736.0
4755,730.0
4756,9593.0
4757,726.0
4758,733.0
4759,740.0
4760,726.0
4761,736.0
4762,709.0
4763,734.0
4764,772.0
4765,733.0
4766,756.0
4767,9692.0
4768,714.0
4769,731.0
4770,9693.0
4771,733.0
4772,731.0
4773,725.0
4774,754.0
4775,733.0
4776,704.0
4777,733.0
4778,729.0
4779,718.0
4780,721.0
4781,730.0
4782,9670.0
4783,9652.0
4784,708.0
4785,9666.0
4786,733.0
4787,733.0
4788,741.0
4789,748.0
4790,733.0
4791,748.0
4792,735.0
4793,724.0
4794,732.0
4795,735.0
4796,733.0
4797,9697.0
4798,731.0
4799,733.0
4800,9640.0
4801,740.0
4802,733.0
4803,733.0
4804,731.0
4805,733.0
4806,757.0
4807,723.0
4808,764.0
4809,723.0
4810,726.0
4811,9617.0
4812,722.0
4813,9589.0
4814,730.0
4815,729.0
4816,9700.0
4817,9668.0
4818,721.0
4819,727.0
4820,733.0
4821,733.0
4822,729.0
4823,733.0
4824,749.0
4825,730.0
4826,733.0
4827,9694.0
4828,722.0
4829,724.0
4830,748.0
4831,733.0
4832,729.0
4833,730.0
4834,731.0
4835,704.0
4836,732.0
4837,735.0
4838,733.0
4839,733.0
4840,732.0
4841,758.0
4842,710.0
4843,733.0
4844,770.0
4845,692.0
4846,733.0
4847,9710.0
4848,723.0
4849,727.0
4850,739.0
4851,733.0
4852,208.0
4853,733.0
4854,730.0
4855,734.0
4856,762.0
4857,735.0
4858,720.0
4859,731.0
4860,9679.0
4861,751.0
4862,721.0
4863,733.0
4864,733.0
4865,727.0
4866,729.0
4867,733.0
4868,732.0
4869,733.0
4870,9660.0
4871,729.0
4872,9710.0
4873,733.0
4874,722.0
4875,724.0
4876,754.0
4877,725.0
4878,730.0
4879,724.0
4880,710.0
4881,9692.0
4882,9734.0
4883,733.0
4884,739.0
4885,728.0
4886,724.0
4887,734.0
4888,750.0
4889,717.0
4890,769.0
4891,746.0
4892,733.0
4893,753.0
4894,730.0
4895,730.0
4896,9716.0
4897,732.0
4898,768.0
4899,733.0
4900,767.0
4901,718.0
4902,704.0
4903,722.0
4904,9700.0
4905,9666.0
4906,735.0
4907,733.0
4908,739.0
4909,667.0
4910,721.0
4911,725.0
4912,731.0
4913,730.0
4914,733.0
4915,722.0
4916,9765.0
4917,711.0
4918,706.0
4919,733.0
4920,750.0
4921,9685.0
4922,733.0
4923,733.0
4924,731.0
4925,725.0
4926,724.0
4927,721.0
4928,713.0
4929,741.0
4930,9679.0
4931,733.0
4932,9674.0
4933,741.0
4934,733.0
4935,727.0
4936,733.0
4937,730.0
4938,733.0
4939,733.0
4940,9656.0
4941,733.0
4942,722.0
4943,740.0
4944,728.0
4945,735.0
4946,733.0
4947,9682.0
4948,733.0
4949,739.0
4950,733.0
4951,737.0
4952,9626.0
4953,713.0
4954,9694.0
4955,729.0
4956,734.0
4957,748.0
4958,733.0
4959,748.0
4960,733.0
4961,731.0
4962,735.0
4963,733.0
4964,733.0
4965,733.0
4966,742.0
4967,9676.0
4968,733.0
4969,727.0
4970,732.0
4971,742.0
4972,711.0
4973,733.0
4974,733.0
4975,730.0
4976,744.0
4977,733.0
4978,792.0
4979,702.0
4980,737.0
4981,733.0
4982,733.0
4983,752.0
4984,710.0
4985,706.0
4986,717.0
4987,722.0
4988,733.0
4989,723.0
4990,727.0
4991,737.0
4992,9705.0
4993,733.0
4994,725.0
4995,729.0
4996,734.0
4997,733.0
4998,9693.0
4999,733.0
5000,733.0
5001,732.0
5002,722.0
5003,730.0
5004,730.0
5005,733.0
5006,738.0
5007,9690.0
5008,9658.0
5009,727.0
5010,735.0
5011,704.0
5012,733.0
5013,706.0
5014,9708.0
5015,726.0
5016,733.0
5017,728.0
5018,721.0
5019,739.0
5020,736.0
5021,708.0
5022,763.0
5023,686.0
5024,729.0
5025,9764.0
5026,728.0
5027,732.0
5028,735.0
5029,736.0
5030,731.0
5031,734.0
5032,733.0
5033,721.0
5034,763.0
5035,729.0
5036,730.0
5037,9681.0
5038,752.0
5039,733.0
5040,733.0
5041,740.0
5042,9737.0
5043,736.0
5044,726.0
5045,722.0
5046,733.0
5047,208.0
5048,726.0
5049,733.0
5050,733.0
5051,733.0
5052,766.0
5053,714.0
5054,733.0
5055,720.0
5056,769.0
5057,727.0
5058,729.0
5059,731.0
5060,734.0
5061,767.0
5062,729.0
5063,733.0
5064,727.0
5065,733.0
5066,739.0
5067,733.0
5068,733.0
5069,752.0
5070,733.0
5071,9666.0
5072,710.0
5073,733.0
5074,9692.0
5075,208.0
5076,208.0
5077,731.0
5078,721.0
5079,738.0
5080,704.0
5081,723.0
5082,733.0
5083,733.0
5084,730.0
5085,727.0
5086,730.0
5087,9670.0
5088,756.0
5089,732.0
5090,739.0
5091,729.0
5092,721.0
5093,733.0
5094,742.0
5095,704.0
5096,731.0
5097,730.0
5098,740.0
5099,716.0
5100,730.0
5101,733.0
5102,752.0
5103,9718.0
5104,721.0
5105,736.0
5106,733.0
5107,733.0
5108,718.0
5109,729.0
5110,704.0
5111,727.0
5112,9679.0
5113,726.0
5114,762.0
5115,747.0
5116,733.0
5117,739.0
5118,730.0
5119,727.0
5120,9664.0
5121,9679.0
5122,728.0
5123,733.0
5124,729.0
5125,732.0
5126,714.0
5127,733.0
5128,9689.0
5129,735.0
5130,9727.0
5131,733.0
5132,703.0
5133,734.0
5134,729.0
5135,711.0
5136,9696.0
5137,9694.0
5138,733.0
5139,9694.0
5140,746.0
5141,708.0
5142,733.0
5143,718.0
5144,9670.0
5145,854.0
5146,729.0
5147,722.0
5148,748.0
5149,730.0
5150,733.0
5151,749.0
5152,735.0
5153,733.0
5154,9733.0
5155,732.0
5156,749.0
5157,733.0
5158,733.0
5159,734.0
5160,700.0
5161,732.0
5162,733.0
5163,736.0
5164,729.0
5165,733.0
5166,9711.0
5167,727.0
5168,733.0
5169,729.0
5170,731.0
5171,9732.0
5172,727.0
5173,697.0
5174,732.0
5175,705.0
5176,722.0
5177,9666.0
5178,744.0
5179,9622.0
5180,727.0
5181,733.0
5182,722.0
5183,733.0
5184,733.0
5185,735.0
5186,9694.0
5187,733.0
5188,716.0
5189,729.0
5190,9670.0
5191,739.0
5192,763.0
5193,722.0
5194,723.0
5195,716.0
5196,770.0
5197,733.0
5198,736.0
5199,720.0
5200,729.0
5201,731.0
5202,733.0
5203,9641.0
5204,769.0
5205,735.0
5206,733.0
5207,733.0
5208,9717.0
5209,9693.0
5210,735.0
5211,9676.0
5212,746.0
5213,731.0
5214,733.0
5215,731.0
5216,732.0
5217,751.0
5218,9664.0
5219,732.0
5220,735.0
5221,739.0
5222,721.0
5223,711.0
5224,729.0
5225,915.0
5226,735.0
5227,733.0
5228,747.0
5229,733.0
5230,727.0
5231,720.0
5232,726.0
5233,743.0
5234,733.0
5235,726.0
5236,745.0
5237,729.0
5238,768.0
5239,9609.0
5240,9752.0
5241,749.0
5242,9668.0
5243,775.0
5244,732.0
5245,733.0
5246,208.0
5247,733.0
5248,731.0
5249,730.0
5250,737.0
5251,733.0
5252,718.0
5253,753.0
5254,729.0
5255,9733.0
5256,729.0
5257,733.0
5258,670.0
5259,718.0
5260,733.0
5261,727.0
5262,730.0
5263,9665.0
5264,733.0
5265,733.0
5266,722.0
5267,9622.0
5268,9649.0
5269,732.0
5270,730.0
5271,733.0
5272,9639.0
5273,208.0
5274,730.0
5275,734.0
5276,730.0
5277,778.0
5278,733.0
5279,733.0
5280,733.0
5281,733.0
5282,734.0
5283,733.0
5284,725.0
5285,705.0
5286,769.0
5287,760.0
5288,709.0
5289,711.0
5290,733.0
5291,742.0
5292,723.0
5293,733.0
5294,741.0
5295,736.0
5296,728.0
5297,727.0
5298,733.0
5299,735.0
5300,746.0
5301,731.0
5302,9687.0
5303,703.0
5304,724.0
5305,753.0
5306,9647.0
5307,722.0
5308,9650.0
5309,731.0
5310,9678.0
5311,724.0
5312,730.0
5313,790.0
5314,9617.0
5315,9693.0
5316,733.0
5317,9686.0
5318,730.0
5319,736.0
5320,731.0
5321,704.0
5322,752.0
5323,734.0
5324,670.0
5325,733.0
5326,730.0
5327,742.0
5328,9694.0
5329,9776.0
5330,731.0
5331,711.0
5332,743.0
5333,733.0
5334,770.0
5335,9666.0
5336,748.0
5337,733.0
5338,735.0
5339,731.0
5340,731.0
5341,726.0
5342,742.0
5343,736.0
5344,736.0
5345,9708.0
5346,9668.0
5347,733.0
5348,691.0
5349,733.0
5350,734.0
5351,703.0
5352,733.0
5353,724.0
5354,9788.0
5355,749.0
5356,9618.0
5357,724.0
5358,733.0
5359,733.0
5360,742.0
5361,730.0
5362,731.0
5363,728.0
5364,741.0
5365,731.0
5366,733.0
5367,730.0
5368,737.0
5369,737.0
5370,733.0
5371,733.0
5372,724.0
5373,733.0
5374,722.0
5375,752.0
5376,9711.0
5377,9666.0
5378,728.0
5379,768.0
5380,730.0
5381,718.0
5382,9679.0
5383,729.0
5384,733.0
5385,9692.0
5386,739.0
5387,720.0
5388,736.0
5389,737.0
5390,733.0
5391,733.0
5392,734.0
5393,725.0
5394,733.0
5395,733.0
5396,729.0
5397,724.0
5398,729.0
5399,705.0
5400,779.0
5401,733.0
5402,733.0
5403,747.0
5404,725.0
5405,686.0
5406,706.0
5407,859.0
5408,742.0
5409,735.0
5410,741.0
5411,730.0
5412,720.0
5413,725.0
5414,742.0
5415,733.0
5416,733.0
5417,750.0
5418,733.0
5419,718.0
5420,714.0
5421,742.0
5422,755.0
5423,752.0
5424,733.0
5425,708.0
5426,733.0
5427,730.0
5428,733.0
5429,732.0
5430,755.0
5431,730.0
5432,729.0
5433,733.0
5434,768.0
5435,9687.0
5436,724.0
5437,9664.0
5438,748.0
5439,733.0
5440,730.0
5441,733.0
5442,733.0
5443,733.0
5444,734.0
5445,733.0
5446,731.0
5447,764.0
5448,701.0
5449,729.0
5450,731.0
5451,9637.0
5452,708.0
5453,733.0
5454,9731.0
5455,735.0
5456,724.0
5457,732.0
5458,728.0
5459,752.0
5460,636.0
5461,723.0
5462,9666.0
5463,727.0
5464,729.0
5465,751.0
5466,733.0
5467,733.0
5468,827.0
5469,733.0
5470,732.0
5471,9763.0
5472,750.0
5473,9732.0
5474,715.0
5475,725.0
5476,733.0
5477,732.0
5478,9737.0
5479,733.0
5480,723.0
5481,674.0
5482,9738.0
5483,733.0
5484,724.0
5485,733.0
5486,732.0
5487,729.0
5488,721.0
5489,725.0
5490,724.0
5491,712.0
5492,9679.0
5493,744.0
5494,721.0
5495,726.0
5496,735.0
5497,9448.0
5498,713.0
5499,733.0
5500,718.0
5501,752.0
5502,746.0
5503,725.0
5504,729.0
5505,733.0
5506,735.0
5507,748.0
5508,737.0
5509,768.0
5510,733.0
5511,763.0
5512,733.0
5513,733.0
5514,702.0
5515,707.0
5516,725.0
5517,725.0
5518,733.0
5519,708.0
5520,749.0
5521,735.0
5522,9673.0
5523,734.0
5524,9642.0
5525,724.0
5526,733.0
5527,733.0
5528,740.0
5529,733.0
5530,725.0
5531,758.0
5532,733.0
5533,736.0
5534,718.0
5535,769.0
5536,733.0
5537,733.0
5538,9613.0
5539,9690.0
5540,9668.0
5541,733.0
5542,761.0
5543,733.0
5544,733.0
5545,733.0
5546,726.0
5547,723.0
5548,9714.0
5549,770.0
5550,733.0
5551,759.0
5552,749.0
5553,720.0
5554,734.0
5555,733.0
5556,723.0
5557,733.0
5558,733.0
5559,701.0
5560,734.0
5561,717.0
5562,733.0
5563,747.0
5564,722.0
5565,722.0
5566,736.0
5567,725.0
5568,721.0
5569,770.0
5570,726.0
5571,9712.0
5572,751.0
5573,733.0
5574,9774.0
5575,714.0
5576,722.0
5577,756.0
5578,758.0
5579,745.0
5580,743.0
5581,731.0
5582,711.0
5583,700.0
5584,734.0
5585,728.0
5586,732.0
5587,733.0
5588,728.0
5589,733.0
5590,748.0
5591,735.0
5592,733.0
5593,706.0
5594,711.0
5595,739.0
5596,733.0
5597,730.0
5598,732.0
5599,733.0
5600,740.0
5601,720.0
5602,733.0
5603,717.0
5604,728.0
5605,718.0
5606,735.0
5607,721.0
5608,729.0
5609,743.0
5610,726.0
5611,715.0
5612,731.0
5613,730.0
5614,748.0
5615,9661.0
5616,733.0
5617,733.0
5618,9686.0
5619,735.0
5620,757.0
5621,727.0
5622,731.0
5623,713.0
5624,733.0
5625,729.0
5626,733.0
5627,733.0
5628,9678.0
5629,767.0
5630,711.0
5631,718.0
5632,724.0
5633,742.0
5634,9666.0
5635,9693.0
5636,724.0
5637,719.0
5638,723.0
5639,9643.0
5640,733.0
5641,733.0
5642,726.0
5643,770.0
5644,721.0
5645,718.0
5646,720.0
5647,711.0
5648,752.0
5649,732.0
5650,714.0
5651,735.0
5652,730.0
5653,730.0
5654,711.0
5655,730.0
5656,768.0
5657,734.0
5658,733.0
5659,744.0
5660,733.0
5661,721.0
5662,734.0
5663,729.0
5664,720.0
5665,711.0
5666,733.0
5667,733.0
5668,712.0
5669,718.0
5670,733.0
5671,742.0
5672,736.0
5673,739.0
5674,736.0
5675,714.0
5676,735.0
5677,686.0
5678,732.0
5679,728.0
5680,724.0
5681,733.0
5682,722.0
5683,739.0
5684,715.0
5685,9692.0
5686,733.0
5687,733.0
5688,726.0
5689,9661.0
5690,9700.0
5691,737.0
5692,729.0
5693,733.0
5694,730.0
5695,9658.0
5696,724.0
5697,721.0
5698,733.0
5699,731.0
5700,743.0
5701,730.0
5702,9742.0
5703,9647.0
5704,715.0
5705,729.0
5706,711.0
5707,730.0
5708,9680.0
5709,731.0
5710,744.0
5711,725.0
5712,760.0
5713,9671.0
5714,721.0
5715,711.0
5716,730.0
5717,9664.0
5718,733.0
5719,733.0
5720,9675.0
5721,733.0
5722,733.0
5723,742.0
5724,9692.0
5725,733.0
5726,708.0
5727,725.0
5728,9696.0
5729,748.0
5730,724.0
5731,728.0
5732,766.0
5733,713.0
5734,720.0
5735,736.0
5736,9437.0
5737,733.0
5738,9724.0
5739,738.0
5740,730.0
5741,733.0
5742,732.0
5743,671.0
5744,769.0
5745,733.0
5746,9623.0
5747,733.0
5748,717.0
5749,731.0
5750,725.0
5751,731.0
5752,764.0
5753,731.0
5754,733.0
5755,722.0
5756,733.0
5757,9670.0
5758,735.0
5759,733.0
5760,733.0
5761,708.0
5762,9655.0
5763,719.0
5764,733.0
5765,726.0
5766,731.0
5767,729.0
5768,9682.0
5769,744.0
5770,744.0
5771,725.0
5772,729.0
5773,731.0
5774,733.0
5775,733.0
5776,731.0
5777,734.0
5778,732.0
5779,729.0
5780,730.0
5781,741.0
5782,717.0
5783,734.0
5784,9701.0
5785,733.0
5786,722.0
5787,722.0
5788,726.0
5789,733.0
5790,705.0
5791,718.0
5792,724.0
5793,721.0
5794,9692.0
5795,731.0
5796,769.0
5797,733.0
5798,9781.0
5799,733.0
5800,9694.0
5801,9606.0
5802,733.0
5803,713.0
5804,733.0
5805,733.0
5806,733.0
5807,733.0
5808,733.0
5809,734.0
5810,726.0
5811,718.0
5812,740.0
5813,730.0
5814,733.0
5815,9667.0
5816,733.0
5817,763.0
5818,735.0
5819,740.0
5820,9785.0
5821,9642.0
5822,9645.0
5823,733.0
5824,733.0
5825,736.0
5826,733.0
5827,727.0
5828,9615.0
5829,731.0
5830,733.0
5831,733.0
5832,208.0
5833,713.0
5834,9694.0
5835,730.0
5836,730.0
5837,729.0
5838,770.0
5839,717.0
5840,735.0
5841,727.0
5842,748.0
5843,733.0
5844,733.0
5845,733.0
5846,712.0
5847,733.0
5848,730.0
5849,727.0
5850,720.0
5851,9694.0
5852,9635.0
5853,733.0
5854,9732.0
5855,9718.0
5856,717.0
5857,728.0
5858,9666.0
5859,750.0
5860,742.0
5861,732.0
5862,711.0
5863,734.0
5864,728.0
5865,729.0
5866,9706.0
5867,730.0
5868,752.0
5869,9717.0
5870,746.0
5871,723.0
5872,742.0
5873,748.0
5874,753.0
5875,750.0
5876,731.0
5877,9712.0
5878,733.0
5879,744.0
5880,720.0
5881,733.0
5882,720.0
5883,721.0
5884,723.0
5885,708.0
5886,707.0
5887,724.0
5888,9607.0
5889,728.0
5890,743.0
5891,723.0
5892,731.0
5893,9613.0
5894,733.0
5895,769.0
5896,722.0
5897,9666.0
5898,9631.0
5899,733.0
5900,729.0
5901,733.0
5902,725.0
5903,739.0
5904,734.0
5905,717.0
5906,724.0
5907,720.0
5908,734.0
5909,719.0
5910,9676.0
5911,677.0
5912,714.0
5913,736.0
5914,733.0
5915,726.0
5916,735.0
5917,717.0
5918,761.0
5919,732.0
5920,734.0
5921,725.0
5922,724.0
5923,702.0
5924,739.0
5925,755.0
5926,733.0
5927,9661.0
5928,716.0
5929,770.0
5930,733.0
5931,734.0
5932,732.0
5933,714.0
5934,9725.0
5935,733.0
5936,725.0
5937,735.0
5938,740.0
5939,729.0
5940,712.0
5941,733.0
5942,733.0
5943,740.0
5944,9673.0
5945,733.0
5946,733.0
5947,9694.0
5948,747.0
5949,733.0
5950,724.0
5951,9747.0
5952,760.0
5953,723.0
5954,727.0
5955,9697.0
5956,733.0
5957,734.0
5958,724.0
5959,725.0
5960,725.0
5961,770.0
5962,9673.0
5963,733.0
5964,721.0
5965,725.0
5966,731.0
5967,9612.0
5968,761.0
5969,724.0
5970,655.0
5971,729.0
5972,719.0
5973,9671.0
5974,705.0
5975,713.0
5976,735.0
5977,781.0
5978,737.0
5979,735.0
5980,9597.0
5981,729.0
5982,736.0
5983,733.0
5984,728.0
5985,735.0
5986,9722.0
5987,9684.0
5988,728.0
5989,708.0
5990,733.0
5991,733.0
5992,733.0
5993,733.0
5994,717.0
5995,733.0
5996,743.0
5997,733.0
5998,733.0
5999,733.0
6000,733.0
6001,208.0
6002,712.0
6003,726.0
6004,733.0
6005,706.0
6006,768.0
6007,726.0
6008,9738.0
6009,723.0
6010,738.0
6011,763.0
6012,9711.0
6013,720.0
6014,739.0
6015,735.0
6016,737.0
6017,711.0
6018,728.0
6019,733.0
6020,733.0
6021,727.0
6022,733.0
6023,733.0
6024,724.0
6025,720.0
6026,741.0
6027,753.0
6028,736.0
6029,752.0
6030,710.0
6031,746.0
6032,746.0
6033,735.0
6034,747.0
6035,711.0
6036,733.0
6037,733.0
6038,715.0
6039,9698.0
6040,727.0
6041,714.0
6042,721.0
6043,736.0
6044,733.0
6045,736.0
6046,726.0
6047,733.0
6048,733.0
6049,733.0
6050,733.0
6051,733.0
6052,711.0
6053,733.0
6054,730.0
6055,735.0
6056,9713.0
6057,730.0
6058,733.0
6059,735.0
6060,719.0
6061,735.0
6062,730.0
6063,723.0
6064,761.0
6065,752.0
6066,728.0
6067,733.0
6068,725.0
6069,729.0
6070,752.0
6071,748.0
6072,733.0
6073,733.0
6074,758.0
6075,733.0
6076,733.0
6077,733.0
6078,9694.0
6079,733.0
6080,723.0
6081,733.0
6082,9706.0
6083,731.0
6084,723.0
6085,715.0
6086,730.0
6087,733.0
6088,721.0
6089,727.0
6090,727.0
6091,9774.0
6092,731.0
6093,749.0
6094,723.0
6095,733.0
6096,733.0
6097,733.0
6098,9717.0
6099,9670.0
6100,9697.0
6101,724.0
6102,9694.0
6103,9002.0
6104,700.0
6105,742.0
6106,729.0
6107,734.0
6108,742.0
6109,720.0
6110,733.0
6111,731.0
6112,715.0
6113,733.0
6114,711.0
6115,733.0
6116,733.0
6117,736.0
6118,765.0
6119,720.0
6120,733.0
6121,733.0
6122,729.0
6123,9643.0
6124,9708.0
6125,719.0
6126,733.0
6127,733.0
6128,729.0
6129,724.0
6130,733.0
6131,726.0
6132,707.0
6133,748.0
6134,730.0
6135,725.0
6136,733.0
6137,733.0
6138,732.0
6139,734.0
6140,707.0
6141,730.0
6142,731.0
6143,731.0
6144,733.0
6145,711.0
6146,711.0
6147,723.0
6148,717.0
6149,727.0
6150,733.0
6151,726.0
6152,763.0
6153,731.0
6154,752.0
6155,774.0
6156,720.0
6157,9673.0
6158,739.0
6159,733.0
6160,733.0
6161,733.0
6162,716.0
6163,731.0
6164,733.0
6165,730.0
6166,733.0
6167,740.0
6168,722.0
6169,720.0
6170,721.0
6171,761.0
6172,751.0
6173,733.0
6174,730.0
6175,727.0
6176,730.0
6177,9658.0
6178,724.0
6179,729.0
6180,733.0
6181,769.0
6182,725.0
6183,733.0
6184,726.0
6185,730.0
6186,9436.0
6187,723.0
6188,731.0
6189,730.0
6190,733.0
6191,733.0
6192,736.0
6193,797.0
6194,723.0
6195,9697.0
6196,9635.0
6197,714.0
6198,731.0
6199,736.0
6200,751.0
6201,730.0
6202,748.0
6203,722.0
6204,724.0
6205,9694.0
6206,729.0
6207,742.0
6208,750.0
6209,733.0
6210,740.0
6211,728.0
6212,733.0
6213,720.0
6214,727.0
6215,753.0
6216,208.0
6217,733.0
6218,9709.0
6219,711.0
6220,733.0
6221,724.0
6222,767.0
6223,736.0
6224,728.0
6225,730.0
6226,733.0
6227,729.0
6228,752.0
6229,731.0
6230,749.0
6231,735.0
6232,719.0
6233,733.0
6234,9706.0
6235,9714.0
6236,733.0
6237,9695.0
6238,754.0
6239,730.0
6240,733.0
6241,719.0
6242,9667.0
6243,729.0
6244,725.0
6245,746.0
6246,713.0
6247,733.0
6248,752.0
6249,742.0
6250,731.0
6251,9693.0
6252,731.0
6253,733.0
6254,733.0
6255,732.0
6256,715.0
6257,733.0
6258,725.0
6259,698.0
6260,760.0
6261,735.0
6262,730.0
6263,729.0
6264,731.0
6265,733.0
6266,715.0
6267,9666.0
6268,733.0
6269,733.0
6270,729.0
6271,731.0
6272,733.0
6273,731.0
6274,730.0
6275,733.0
6276,733.0
6277,722.0
6278,725.0
6279,9692.0
6280,733.0
6281,727.0
6282,9655.0
6283,731.0
6284,9666.0
6285,9691.0
6286,733.0
6287,729.0
6288,729.0
6289,729.0
6290,735.0
6291,722.0
6292,725.0
6293,727.0
6294,730.0
6295,757.0
6296,747.0
6297,731.0
6298,733.0
6299,733.0
6300,733.0
6301,721.0
6302,733.0
6303,713.0
6304,745.0
6305,733.0
6306,9688.0
6307,730.0
6308,9694.0
6309,733.0
6310,750.0
6311,9613.0
6312,733.0
6313,713.0
6314,731.0
6315,733.0
6316,9651.0
6317,731.0
6318,720.0
6319,733.0
6320,724.0
6321,728.0
6322,732.0
6323,733.0
6324,9756.0
6325,733.0
6326,729.0
6327,711.0
6328,733.0
6329,733.0
6330,747.0
6331,730.0
6332,758.0
6333,733.0
6334,732.0
6335,733.0
6336,733.0
6337,724.0
6338,9666.0
6339,719.0
6340,715.0
6341,9666.0
6342,731.0
6343,740.0
6344,722.0
6345,764.0
6346,733.0
6347,733.0
6348,739.0
6349,729.0
6350,722.0
6351,736.0
6352,734.0
6353,722.0
6354,724.0
6355,715.0
6356,733.0
6357,732.0
6358,735.0
6359,9646.0
6360,733.0
6361,735.0
6362,733.0
6363,735.0
6364,729.0
6365,733.0
6366,733.0
6367,708.0
6368,730.0
6369,734.0
6370,739.0
6371,769.0
6372,725.0
6373,709.0
6374,764.0
6375,711.0
6376,733.0
6377,733.0
6378,733.0
6379,9679.0
6380,761.0
6381,733.0
6382,741.0
6383,733.0
6384,725.0
6385,705.0
6386,733.0
6387,730.0
6388,9616.0
6389,733.0
6390,727.0
6391,733.0
6392,722.0
6393,9689.0
6394,733.0
6395,722.0
6396,718.0
6397,705.0
6398,742.0
6399,715.0
6400,746.0
6401,772.0
6402,733.0
6403,711.0
6404,730.0
6405,732.0
6406,753.0
6407,733.0
6408,703.0
6409,733.0
6410,703.0
6411,9705.0
6412,709.0
6413,9666.0
6414,722.0
6415,729.0
6416,733.0
6417,718.0
6418,724.0
6419,723.0
6420,9705.0
6421,722.0
6422,723.0
6423,726.0
6424,717.0
6425,733.0
6426,731.0
6427,733.0
6428,720.0
6429,714.0
6430,735.0
6431,733.0
6432,733.0
6433,9652.0
6434,733.0
6435,9733.0
6436,734.0
6437,726.0
6438,720.0
6439,720.0
6440,733.0
6441,726.0
6442,733.0
6443,733.0
6444,724.0
6445,733.0
6446,742.0
6447,710.0
6448,733.0
6449,717.0
6450,733.0
6451,731.0
6452,733.0
6453,734.0
6454,744.0
6455,721.0
6456,745.0
6457,737.0
6458,732.0
6459,717.0
6460,733.0
6461,732.0
6462,737.0
6463,9671.0
6464,733.0
6465,730.0
6466,741.0
6467,733.0
6468,730.0
6469,729.0
6470,713.0
6471,733.0
6472,727.0
6473,9691.0
6474,723.0
6475,752.0
6476,9668.0
6477,733.0
6478,739.0
6479,720.0
6480,9666.0
6481,725.0
6482,732.0
6483,742.0
6484,721.0
6485,733.0
6486,743.0
6487,726.0
6488,733.0
6489,733.0
6490,9666.0
6491,9721.0
6492,748.0
6493,9616.0
6494,727.0
6495,733.0
6496,753.0
6497,733.0
6498,733.0
6499,723.0
6500,725.0
6501,731.0
6502,733.0
6503,743.0
6504,9696.0
6505,723.0
6506,730.0
6507,727.0
6508,733.0
6509,733.0
6510,709.0
6511,734.0
6512,718.0
6513,733.0
6514,754.0
6515,729.0
6516,733.0
6517,752.0
6518,748.0
6519,719.0
6520,728.0
6521,739.0
6522,729.0
6523,730.0
6524,9694.0
6525,736.0
6526,729.0
6527,9695.0
6528,723.0
6529,733.0
6530,728.0
6531,735.0
6532,744.0
6533,731.0
6534,9666.0
6535,733.0
6536,729.0
6537,732.0
6538,711.0
6539,729.0
6540,733.0
6541,733.0
6542,735.0
6543,732.0
6544,746.0
6545,9692.0
6546,727.0
6547,738.0
6548,723.0
6549,707.0
6550,770.0
6551,729.0
6552,733.0
6553,724.0
6554,733.0
6555,733.0
6556,730.0
6557,733.0
6558,720.0
6559,729.0
6560,726.0
6561,708.0
6562,733.0
6563,725.0
6564,739.0
6565,733.0
6566,733.0
6567,9732.0
6568,733.0
6569,729.0
6570,733.0
6571,733.0
6572,703.0
6573,718.0
6574,748.0
6575,728.0
6576,711.0
6577,723.0
6578,717.0
6579,9692.0
6580,730.0
6581,717.0
6582,731.0
6583,9687.0
6584,735.0
6585,9720.0
6586,752.0
6587,713.0
6588,727.0
6589,710.0
6590,733.0
6591,707.0
6592,724.0
6593,729.0
6594,770.0
6595,711.0
6596,733.0
6597,734.0
6598,733.0
6599,733.0
6600,736.0
6601,733.0
6602,719.0
6603,746.0
6604,733.0
6605,730.0
6606,752.0
6607,9734.0
6608,753.0
6609,734.0
6610,718.0
6611,730.0
6612,9651.0
6613,733.0
6614,761.0
6615,711.0
6616,9658.0
6617,730.0
6618,735.0
6619,733.0
6620,9666.0
6621,733.0
6622,720.0
6623,733.0
6624,699.0
6625,726.0
6626,733.0
6627,761.0
6628,720.0
6629,732.0
6630,733.0
6631,728.0
6632,9744.0
6633,746.0
6634,733.0
6635,716.0
6636,737.0
6637,741.0
6638,676.0
6639,726.0
6640,734.0
6641,740.0
6642,733.0
6643,730.0
6644,737.0
6645,725.0
6646,733.0
6647,725.0
6648,733.0
6649,757.0
6650,732.0
6651,707.0
6652,734.0
6653,740.0
6654,733.0
6655,735.0
6656,732.0
6657,729.0
6658,733.0
6659,742.0
6660,658.0
6661,733.0
6662,734.0
6663,748.0
6664,733.0
6665,717.0
6666,731.0
6667,9706.0
6668,735.0
6669,748.0
6670,733.0
6671,733.0
6672,723.0
6673,739.0
6674,732.0
6675,733.0
6676,733.0
6677,733.0
6678,733.0
6679,711.0
6680,727.0
6681,731.0
6682,733.0
6683,770.0
6684,733.0
6685,733.0
6686,9684.0
6687,732.0
6688,696.0
6689,724.0
6690,702.0
6691,756.0
6692,730.0
6693,711.0
6694,9448.0
6695,730.0
6696,731.0
6697,727.0
6698,9694.0
6699,720.0
6700,715.0
6701,740.0
6702,720.0
6703,735.0
6704,733.0
6705,729.0
6706,721.0
6707,9666.0
6708,733.0
6709,730.0
6710,735.0
6711,725.0
6712,726.0
6713,709.0
6714,713.0
6715,711.0
6716,701.0
6717,729.0
6718,9645.0
6719,730.0
6720,733.0
6721,729.0
6722,9692.0
6723,733.0
6724,723.0
6725,727.0
6726,719.0
6727,733.0
6728,9652.0
6729,733.0
6730,718.0
6731,708.0
6732,720.0
6733,749.0
6734,733.0
6735,733.0
6736,735.0
6737,9673.0
6738,728.0
6739,711.0
6740,9613.0
6741,732.0
6742,733.0
6743,718.0
6744,725.0
6745,720.0
6746,705.0
6747,713.0
6748,9617.0
6749,733.0
6750,721.0
6751,738.0
6752,9687.0
6753,713.0
6754,733.0
6755,733.0
6756,738.0
6757,733.0
6758,9670.0
6759,720.0
6760,722.0
6761,733.0
6762,711.0
6763,739.0
6764,723.0
6765,9706.0
6766,733.0
6767,711.0
6768,733.0
6769,770.0
6770,735.0
6771,735.0
6772,733.0
6773,720.0
6774,730.0
6775,733.0
6776,733.0
6777,723.0
6778,733.0
6779,733.0
6780,733.0
6781,735.0
6782,9703.0
6783,730.0
6784,735.0
6785,729.0
6786,732.0
6787,686.0
6788,697.0
6789,731.0
6790,733.0
6791,721.0
6792,729.0
6793,732.0
6794,733.0
6795,733.0
6796,753.0
6797,756.0
6798,9686.0
6799,742.0
6800,729.0
6801,733.0
6802,735.0
6803,733.0
6804,733.0
6805,733.0
6806,9695.0
6807,725.0
6808,733.0
6809,724.0
6810,741.0
6811,739.0
6812,733.0
6813,728.0
6814,722.0
6815,746.0
6816,719.0
6817,719.0
6818,704.0
6819,9684.0
6820,778.0
6821,733.0
6822,711.0
6823,733.0
6824,711.0
6825,9694.0
6826,730.0
6827,733.0
6828,723.0
6829,9706.0
6830,733.0
6831,729.0
6832,9671.0
6833,732.0
6834,720.0
6835,729.0
6836,729.0
6837,729.0
6838,743.0
6839,9691.0
6840,736.0
6841,714.0
6842,733.0
6843,733.0
6844,734.0
6845,733.0
6846,723.0
6847,727.0
6848,9623.0
6849,729.0
6850,706.0
6851,725.0
6852,743.0
6853,714.0
6854,735.0
6855,742.0
6856,761.0
6857,733.0
6858,711.0
6859,729.0
6860,723.0
6861,733.0
6862,9695.0
6863,9658.0
6864,731.0
6865,733.0
6866,732.0
6867,9708.0
6868,733.0
6869,729.0
6870,716.0
6871,732.0
6872,733.0
6873,698.0
6874,711.0
6875,732.0
6876,733.0
6877,9658.0
6878,721.0
6879,735.0
6880,726.0
6881,722.0
6882,732.0
6883,9710.0
6884,723.0
6885,733.0
6886,730.0
6887,9688.0
6888,733.0
6889,727.0
6890,730.0
6891,736.0
6892,730.0
6893,739.0
6894,735.0
6895,726.0
6896,733.0
6897,718.0
6898,726.0
6899,748.0
6900,9623.0
6901,723.0
6902,725.0
6903,740.0
6904,733.0
6905,9686.0
6906,755.0
6907,733.0
6908,742.0
6909,733.0
6910,751.0
6911,726.0
6912,733.0
6913,733.0
6914,733.0
6915,733.0
6916,729.0
6917,712.0
6918,767.0
6919,733.0
6920,734.0
6921,733.0
6922,746.0
6923,695.0
6924,739.0
6925,732.0
6926,729.0
6927,733.0
6928,733.0
6929,733.0
6930,9657.0
6931,742.0
6932,732.0
6933,733.0
6934,733.0
6935,742.0
6936,725.0
6937,9687.0
6938,733.0
6939,9695.0
6940,733.0
6941,9722.0
6942,733.0
6943,730.0
6944,735.0
6945,737.0
6946,722.0
6947,706.0
6948,729.0
6949,733.0
6950,726.0
6951,725.0
6952,731.0
6953,720.0
6954,733.0
6955,9716.0
6956,733.0
6957,9694.0
6958,733.0
6959,733.0
6960,724.0
6961,742.0
6962,711.0
6963,733.0
6964,735.0
6965,736.0
6966,733.0
6967,733.0
6968,733.0
6969,761.0
6970,700.0
6971,729.0
6972,774.0
6973,728.0
6974,732.0
6975,741.0
6976,730.0
6977,733.0
6978,9672.0
6979,9687.0
6980,724.0
6981,665.0
6982,723.0
6983,733.0
6984,769.0
6985,745.0
6986,756.0
6987,731.0
6988,9642.0
6989,736.0
6990,744.0
6991,733.0
6992,725.0
6993,731.0
6994,733.0
6995,732.0
6996,742.0
6997,9693.0
6998,733.0
6999,726.0
7000,733.0
7001,749.0
7002,737.0
7003,724.0
7004,727.0
7005,709.0
7006,724.0
7007,733.0
7008,736.0
7009,756.0
7010,738.0
7011,733.0
7012,757.0
7013,729.0
7014,9694.0
7015,717.0
7016,711.0
7017,711.0
7018,9666.0
7019,713.0
7020,711.0
7021,770.0
7022,701.0
7023,731.0
7024,733.0
7025,735.0
7026,733.0
7027,725.0
7028,721.0
7029,208.0
7030,723.0
7031,714.0
7032,728.0
7033,733.0
7034,733.0
7035,722.0
7036,733.0
7037,728.0
7038,761.0
7039,733.0
7040,717.0
7041,720.0
7042,737.0
7043,718.0
7044,733.0
7045,733.0
7046,733.0
7047,703.0
7048,752.0
7049,770.0
7050,733.0
7051,9664.0
7052,733.0
7053,208.0
7054,733.0
7055,9666.0
7056,727.0
7057,725.0
7058,704.0
7059,730.0
7060,724.0
7061,9739.0
7062,747.0
7063,711.0
7064,733.0
7065,710.0
7066,706.0
7067,9669.0
7068,9670.0
7069,744.0
7070,749.0
7071,724.0
7072,735.0
7073,722.0
7074,733.0
7075,740.0
7076,734.0
7077,734.0
7078,723.0
7079,724.0
7080,747.0
7081,733.0
7082,723.0
7083,733.0
7084,9666.0
7085,726.0
7086,724.0
7087,661.0
7088,731.0
7089,733.0
7090,720.0
7091,733.0
7092,718.0
7093,9679.0
7094,9695.0
7095,726.0
7096,733.0
7097,733.0
7098,9691.0
7099,786.0
7100,747.0
7101,733.0
7102,733.0
7103,729.0
7104,733.0
7105,733.0
7106,723.0
7107,756.0
7108,719.0
7109,733.0
7110,713.0
7111,735.0
7112,729.0
7113,9705.0
7114,726.0
7115,727.0
7116,728.0
7117,821.0
7118,733.0
7119,208.0
7120,731.0
7121,711.0
7122,725.0
7123,733.0
7124,733.0
7125,738.0
7126,732.0
7127,735.0
7128,733.0
7129,736.0
7130,9663.0
7131,733.0
7132,733.0
7133,733.0
7134,742.0
7135,711.0
7136,728.0
7137,732.0
7138,733.0
7139,729.0
7140,8994.0
7141,713.0
7142,729.0
7143,722.0
7144,722.0
7145,723.0
7146,724.0
7147,733.0
7148,729.0
7149,9693.0
7150,733.0
7151,731.0
7152,733.0
7153,711.0
7154,744.0
7155,730.0
7156,733.0
7157,735.0
7158,740.0
7159,725.0
7160,745.0
7161,733.0
7162,701.0
7163,9707.0
7164,9697.0
7165,733.0
7166,733.0
7167,718.0
7168,733.0
7169,733.0
7170,707.0
7171,719.0
7172,648.0
7173,9763.0
7174,733.0
7175,714.0
7176,711.0
7177,733.0
7178,723.0
7179,711.0
7180,733.0
7181,733.0
7182,720.0
7183,727.0
7184,733.0
7185,733.0
7186,748.0
7187,723.0
7188,725.0
7189,695.0
7190,729.0
7191,714.0
7192,733.0
7193,9664.0
7194,733.0
7195,734.0
7196,724.0
7197,733.0
7198,738.0
7199,733.0
7200,722.0
7201,739.0
7202,718.0
7203,9729.0
7204,730.0
7205,727.0
7206,721.0
7207,735.0
7208,9680.0
7209,708.0
7210,724.0
7211,743.0
7212,722.0
7213,769.0
7214,9687.0
7215,733.0
7216,729.0
7217,715.0
7218,726.0
7219,739.0
7220,754.0
7221,734.0
7222,748.0
7223,9686.0
7224,733.0
7225,726.0
7226,730.0
7227,720.0
7228,9721.0
7229,733.0
7230,718.0
7231,726.0
7232,732.0
7233,743.0
7234,733.0
7235,733.0
7236,715.0
7237,739.0
7238,714.0
7239,716.0
7240,733.0
7241,709.0
7242,733.0
7243,717.0
7244,725.0
7245,725.0
7246,728.0
7247,707.0
7248,731.0
7249,9691.0
7250,763.0
7251,732.0
7252,729.0
7253,735.0
7254,9684.0
7255,721.0
7256,730.0
7257,9681.0
7258,733.0
7259,683.0
7260,744.0
7261,705.0
7262,737.0
7263,711.0
7264,734.0
7265,751.0
7266,724.0
7267,710.0
7268,733.0
7269,732.0
7270,771.0
7271,733.0
7272,740.0
7273,764.0
7274,754.0
7275,711.0
7276,697.0
7277,717.0
7278,9674.0
7279,731.0
7280,742.0
7281,768.0
7282,732.0
7283,722.0
7284,723.0
7285,750.0
7286,731.0
7287,733.0
7288,734.0
7289,733.0
7290,707.0
7291,767.0
7292,727.0
7293,733.0
7294,9665.0
7295,724.0
7296,715.0
7297,717.0
7298,726.0
7299,730.0
7300,733.0
7301,9682.0
7302,725.0
7303,731.0
7304,756.0
7305,733.0
7306,751.0
7307,728.0
7308,718.0
7309,730.0
7310,733.0
7311,9692.0
7312,9674.0
7313,728.0
7314,9665.0
7315,733.0
7316,733.0
7317,9699.0
7318,733.0
7319,735.0
7320,733.0
7321,739.0
7322,729.0
7323,684.0
7324,733.0
7325,733.0
7326,733.0
7327,9645.0
7328,734.0
7329,9695.0
7330,732.0
